"","project_accession","run_accession","bacteria_accession","phage_accession"
"1","PRJNA726266","SRR14366198","GCF_000005845.2","GCF_000844165.1"
"2","PRJNA726266","SRR14366199","GCF_000005845.2","GCF_000844165.1"
"3","PRJNA726266","SRR14366200","GCF_000005845.2","GCF_000844165.1"
"4","PRJNA726266","SRR14366201","GCF_000005845.2","GCF_000844165.1"
"5","PRJNA726266","SRR14366202","GCF_000005845.2","GCF_000844165.1"
"6","PRJNA726266","SRR14366203","GCF_000005845.2","GCF_000844165.1"
"7","PRJNA726266","SRR14366204","GCF_000005845.2","GCF_000844165.1"
"8","PRJNA726266","SRR14366205","GCF_000005845.2","GCF_000844165.1"
"9","PRJNA726266","SRR14366206","GCF_000005845.2","GCF_000844165.1"
"10","PRJNA726266","SRR14366207","GCF_000005845.2","GCF_000844165.1"
"11","PRJNA726266","SRR14366208","GCF_000005845.2","GCF_000844165.1"
"12","PRJNA726266","SRR14366209","GCF_000005845.2","GCF_000844165.1"
"13","PRJNA726266","SRR14366210","GCF_000005845.2","GCF_000844165.1"
"14","PRJNA726266","SRR14366211","GCF_000005845.2","GCF_000844165.1"
"15","PRJNA726266","SRR14366212","GCF_000005845.2","GCF_000844165.1"
"16","PRJNA726266","SRR14366213","GCF_000005845.2","GCF_000844165.1"
"17","PRJNA726266","SRR14366214","GCF_000005845.2","GCF_000844165.1"
"18","PRJNA726266","SRR14366215","GCF_000005845.2","GCF_000844165.1"
"19","PRJNA1065926","SRR27597248","GCF_000005845.2","GCF_000836945.1"
"20","PRJNA1065926","SRR27597249","GCF_000005845.2","GCF_000836945.1"
"21","PRJNA1065926","SRR27597250","GCF_000005845.2","GCF_000836945.1"
"22","PRJNA1065926","SRR27597251","GCF_000005845.2","GCF_000836945.1"
"23","PRJNA1065926","SRR27597252","GCF_000005845.2","GCF_000836945.1"
"24","PRJNA1065926","SRR27597253","GCF_000005845.2","GCF_000836945.1"
"25","PRJNA1065926","SRR27597254","GCF_000005845.2","GCF_000836945.1"
"26","PRJNA1065926","SRR27597255","GCF_000005845.2","GCF_000836945.1"
"27","PRJNA323606","SRR3594605","GCF_000015005.1","GCF_000904695.1"
"28","PRJNA323606","SRR3594606","GCF_000015005.1","GCF_000920155.1"
"29","PRJNA323606","SRR3594607","GCF_000015005.1","GCF_000920155.1"
"30","PRJNA323606","SRR3594608","GCF_000015005.1","GCF_000920155.1"
"31","PRJNA323606","SRR3594609","GCF_000015005.1","GCF_000917275.1"
"32","PRJNA323606","SRR3594610","GCF_000015005.1","GCF_000917275.1"
"33","PRJNA323606","SRR3594611","GCF_000015005.1","GCF_000917275.1"
"34","PRJNA323606","SRR3594612","GCF_000015005.1","GCF_001755245.1"
"35","PRJNA323606","SRR3594613","GCF_000015005.1","GCF_001754805.1"
"36","PRJNA323606","SRR3594614","GCF_000015005.1","GCF_000916655.1"
"37","PRJNA323606","SRR3594615","GCF_000015005.1","GCF_001755665.1"
"38","PRJNA323606","SRR3594616","GCF_000015005.1","GCA_002757575.1"
"39","PRJNA847232","SRR19585870","GCF_013167015.1","GCF_000836945.1"
"40","PRJNA847232","SRR19585871","GCF_013167015.1","GCF_000836945.1"
"41","PRJNA847232","SRR19585872","GCF_013167015.1","GCF_000836945.1"
"42","PRJNA847232","SRR19585873","GCF_013167015.1","GCF_000836945.1"
"43","PRJNA847232","SRR19585874","GCF_013167015.1","GCF_000836945.1"
"44","PRJNA847232","SRR19585875","GCF_013167015.1","GCF_000836945.1"
"45","PRJDB12232","DRR317698","GCF_000091545.1","GCA_002621045.1"
"46","PRJDB12232","DRR317699","GCF_000091545.1","GCA_002621045.1"
"47","PRJDB12232","DRR317700","GCF_000091545.1","GCA_002621045.1"
"48","PRJDB12232","DRR317701","GCF_000091545.1","GCA_002621045.1"
"49","PRJDB12232","DRR317702","GCF_000091545.1","GCA_002621045.1"
"50","PRJDB12232","DRR317703","GCF_000091545.1","GCA_002621045.1"
"51","PRJDB12232","DRR317704","GCF_000091545.1","GCA_002621045.1"
"52","PRJDB12232","DRR317705","GCF_000091545.1","GCA_002621045.1"
"53","PRJDB12232","DRR317706","GCF_000091545.1","GCA_002621045.1"
"54","PRJDB12232","DRR317707","GCF_000091545.1","GCA_002621045.1"
"55","PRJDB12232","DRR317708","GCF_000091545.1","GCA_002621045.1"
"56","PRJDB12232","DRR317709","GCF_000091545.1","GCA_002621045.1"
"57","PRJDB12232","DRR317710","GCF_000091545.1","GCA_002621045.1"
"58","PRJDB12232","DRR317711","GCF_000091545.1","GCA_002621045.1"
"59","PRJDB12232","DRR317712","GCF_000091545.1","GCA_002621045.1"
"60","PRJDB12232","DRR317713","GCF_000091545.1","GCA_002621045.1"
"61","PRJDB12232","DRR317714","GCF_000091545.1","GCA_002621045.1"
"62","PRJDB12232","DRR317715","GCF_000091545.1","GCA_002621045.1"
"63","PRJDB12232","DRR317716","GCF_000091545.1","GCA_002621045.1"
"64","PRJDB12232","DRR317717","GCF_000091545.1","GCA_002621045.1"
"65","PRJDB12232","DRR318270","GCF_000091545.1","GCF_002621025.1"
"66","PRJDB12232","DRR318271","GCF_000091545.1","GCF_002621025.1"
"67","PRJDB12232","DRR318272","GCF_000091545.1","GCF_002621025.1"
"68","PRJDB12232","DRR318273","GCF_000091545.1","GCF_002621025.1"
"69","PRJDB12232","DRR318274","GCF_000091545.1","GCF_002621025.1"
"70","PRJDB12232","DRR318275","GCF_000091545.1","GCF_002621025.1"
"71","PRJDB12232","DRR318276","GCF_000091545.1","GCF_002621025.1"
"72","PRJDB12232","DRR318277","GCF_000091545.1","GCF_002621025.1"
"73","PRJDB12232","DRR318278","GCF_000091545.1","GCF_002621025.1"
"74","PRJDB12232","DRR318279","GCF_000091545.1","GCF_002621025.1"
"75","PRJDB12232","DRR318280","GCF_000091545.1","GCF_002621025.1"
"76","PRJDB12232","DRR318281","GCF_000091545.1","GCF_002621025.1"
"77","PRJDB12232","DRR318282","GCF_000091545.1","GCF_002621025.1"
"78","PRJDB12232","DRR318283","GCF_000091545.1","GCF_002621025.1"
"79","PRJDB12232","DRR318284","GCF_000091545.1","GCF_002621025.1"
"80","PRJDB12232","DRR318285","GCF_000091545.1","GCF_002621025.1"
"81","PRJDB12232","DRR318286","GCF_000091545.1","GCF_002621025.1"
"82","PRJDB12232","DRR318287","GCF_000091545.1","GCF_002621025.1"
"83","PRJDB12232","DRR318669","GCF_000091545.1","GCF_000869585.1"
"84","PRJDB12232","DRR318670","GCF_000091545.1","GCF_000869585.1"
"85","PRJDB12232","DRR318671","GCF_000091545.1","GCF_000869585.1"
"86","PRJDB12232","DRR318672","GCF_000091545.1","GCF_000869585.1"
"87","PRJDB12232","DRR318673","GCF_000091545.1","GCF_000869585.1"
"88","PRJDB12232","DRR318674","GCF_000091545.1","GCF_000869585.1"
"89","PRJDB12232","DRR318675","GCF_000091545.1","GCF_000869585.1"
"90","PRJDB12232","DRR318676","GCF_000091545.1","GCF_000869585.1"
"91","PRJDB12232","DRR318677","GCF_000091545.1","GCF_000869585.1"
"92","PRJDB12232","DRR318678","GCF_000091545.1","GCF_000869585.1"
"93","PRJDB12232","DRR318679","GCF_000091545.1","GCF_000869585.1"
"94","PRJDB12232","DRR318680","GCF_000091545.1","GCF_000869585.1"
"95","PRJDB12232","DRR318681","GCF_000091545.1","GCF_000869585.1"
"96","PRJDB12232","DRR318682","GCF_000091545.1","GCF_000869585.1"
"97","PRJDB12232","DRR318683","GCF_000091545.1","GCF_000869585.1"
"98","PRJDB12232","DRR318684","GCF_000091545.1","GCF_000869585.1"
"99","PRJDB12232","DRR318685","GCF_000091545.1","GCF_000869585.1"
"100","PRJDB12232","DRR318686","GCF_000091545.1","GCF_000869585.1"
"101","PRJDB12232","DRR318659","GCF_000091545.1","GCF_000091545.1"
"102","PRJDB12232","DRR318660","GCF_000091545.1","GCF_000091545.1"
"103","PRJDB12232","DRR318661","GCF_000091545.1","GCF_000091545.1"
"104","PRJDB12232","DRR318662","GCF_000091545.1","GCF_000091545.1"
"105","PRJDB12232","DRR318663","GCF_000091545.1","GCF_000091545.1"
"106","PRJDB12232","DRR318664","GCF_000091545.1","GCF_000091545.1"
"107","PRJDB12232","DRR318665","GCF_000091545.1","GCF_000091545.1"
"108","PRJDB12232","DRR318666","GCF_000091545.1","GCF_000091545.1"
"109","PRJDB12232","DRR318667","GCF_000091545.1","GCF_000091545.1"
"110","PRJNA430510","SRR6502000","GCF_000006765.1","GCF_000879115.1"
"111","PRJNA430510","SRR6502001","GCF_000006765.1","GCF_000871365.1"
"112","PRJNA430510","SRR6502002","GCF_000006765.1","GCF_001745375.1"
"113","PRJNA430510","SRR6502003","GCF_000006765.1","GCF_000880975.1"
"114","PRJNA430510","SRR6502004","GCF_000006765.1","GCF_000879115.1"
"115","PRJNA430510","SRR6502005","GCF_000006765.1","GCF_000879115.1"
"116","PRJNA430510","SRR6502006","GCF_000006765.1","GCF_000879115.1"
"117","PRJNA430510","SRR6502007","GCF_000006765.1","GCF_000879115.1"
"118","PRJNA430510","SRR6502008","GCF_000006765.1","GCF_000879115.1"
"119","PRJNA430510","SRR6502009","GCF_000006765.1","GCF_000879115.1"
"120","PRJNA430510","SRR6502010","GCF_000006765.1","GCF_000879115.1"
"121","PRJNA430510","SRR6502011","GCF_000006765.1","GCF_000879115.1"
"122","PRJNA430510","SRR6502012","GCF_000006765.1","GCF_000879115.1"
"123","PRJNA430510","SRR6502013","GCF_000006765.1","GCF_000879115.1"
"124","PRJNA430510","SRR6502014","GCF_000006765.1","GCF_000879115.1"
"125","PRJNA430510","SRR6502015","GCF_000006765.1","GCF_000879115.1"
"126","PRJNA430510","SRR6502016","GCF_000006765.1","GCF_000879115.1"
"127","PRJNA430510","SRR6502017","GCF_000006765.1","GCF_000879115.1"
"128","PRJNA430510","SRR6502018","GCF_000006765.1","GCF_000879115.1"
"129","PRJNA430510","SRR6502019","GCF_000006765.1","GCF_000879115.1"
"130","PRJNA430510","SRR6502020","GCF_000006765.1","GCF_000879115.1"
"131","PRJNA430510","SRR6502021","GCF_000006765.1","GCF_000879115.1"
"132","PRJNA430510","SRR6502022","GCF_000006765.1","GCF_000879115.1"
"133","PRJNA430510","SRR6502023","GCF_000006765.1","GCF_000879115.1"
"134","PRJNA430510","SRR6502024","GCF_000006765.1","GCF_000879115.1"
"135","PRJNA430510","SRR6502025","GCF_000006765.1","GCF_000879115.1"
"136","PRJNA430510","SRR6502026","GCF_000006765.1","GCF_000879115.1"
"137","PRJNA430510","SRR6502027","GCF_000006765.1","GCF_000879115.1"
"138","PRJNA430510","SRR6502028","GCF_000006765.1","GCF_000879115.1"
"139","PRJNA430510","SRR6502029","GCF_000006765.1","GCF_000879115.1"
"140","PRJNA430510","SRR6502030","GCF_000006765.1","GCF_000879115.1"
"141","PRJNA430510","SRR6502031","GCF_000006765.1","GCF_000879115.1"
"142","PRJNA430510","SRR6502032","GCF_000006765.1","GCF_000871365.1"
"143","PRJNA430510","SRR6502033","GCF_000006765.1","GCF_000871365.1"
"144","PRJNA430510","SRR6502034","GCF_000006765.1","GCF_000871365.1"
"145","PRJNA430510","SRR6502035","GCF_000006765.1","GCF_000871365.1"
"146","PRJNA430510","SRR6502036","GCF_000006765.1","GCF_000871365.1"
"147","PRJNA430510","SRR6502037","GCF_000006765.1","GCF_000871365.1"
"148","PRJNA430510","SRR6502038","GCF_000006765.1","GCF_000871365.1"
"149","PRJNA430510","SRR6502040","GCF_000006765.1","GCF_000871365.1"
"150","PRJNA430510","SRR6502041","GCF_000006765.1","GCF_000871365.1"
"151","PRJNA430510","SRR6502042","GCF_000006765.1","GCF_000871365.1"
"152","PRJNA430510","SRR6502043","GCF_000006765.1","GCF_000871365.1"
"153","PRJNA430510","SRR6502044","GCF_000006765.1","GCF_000871365.1"
"154","PRJNA430510","SRR6502045","GCF_000006765.1","GCF_000871365.1"
"155","PRJNA430510","SRR6502046","GCF_000006765.1","GCF_000871365.1"
"156","PRJNA430510","SRR6502047","GCF_000006765.1","GCF_000871365.1"
"157","PRJNA430510","SRR6502048","GCF_000006765.1","GCF_000871365.1"
"158","PRJNA430510","SRR6502049","GCF_000006765.1","GCF_000871365.1"
"159","PRJNA430510","SRR6502050","GCF_000006765.1","GCF_001745375.1"
"160","PRJNA430510","SRR6502051","GCF_000006765.1","GCF_001745375.1"
"161","PRJNA430510","SRR6502052","GCF_000006765.1","GCF_001745375.1"
"162","PRJNA430510","SRR6502053","GCF_000006765.1","GCF_000880975.1"
"163","PRJNA430510","SRR6502054","GCF_000006765.1","GCF_000880975.1"
"164","PRJNA430510","SRR6502055","GCF_000006765.1","GCF_000880975.1"
"165","PRJNA430510","SRR6502056","GCF_000006765.1","GCF_000880975.1"
"166","PRJNA430510","SRR6502057","GCF_000006765.1","GCF_000880975.1"
"167","PRJNA430510","SRR6502058","GCF_000006765.1","GCF_000880975.1"
"168","PRJNA430510","SRR6502059","GCF_000006765.1","GCF_000880975.1"
