"project_accession","run_accession","bacteria_accession","phage_accession"
"PRJNA868713","SRR21013136","GCF_000005845.2","GCF_000836945.1"
"PRJNA868713","SRR21013137","GCF_000005845.2","GCF_000836945.1"
"PRJNA868713","SRR21013138","GCF_000005845.2","GCF_000836945.1"
"PRJNA868713","SRR21013139","GCF_000005845.2","GCF_000836945.1"
"PRJNA868713","SRR21013140","GCF_000005845.2","GCF_000836945.1"
"PRJNA868713","SRR21013141","GCF_000005845.2","GCF_000836945.1"
"PRJNA868713","SRR21013142","GCF_000005845.2","GCF_000836945.1"
"PRJNA868713","SRR21013143","GCF_000005845.2","GCF_000836945.1"
"PRJNA868713","SRR21013144","GCF_000005845.2","GCF_000836945.1"
"PRJNA868713","SRR21013145","GCF_000005845.2","GCF_000836945.1"
"PRJNA868713","SRR21013146","GCF_000005845.2","GCF_000836945.1"
"PRJNA868713","SRR21013147","GCF_000005845.2","GCF_000836945.1"
"PRJNA868713","SRR21013148","GCF_000005845.2","GCF_000836945.1"
"PRJNA868713","SRR21013149","GCF_000005845.2","GCF_000836945.1"
"PRJNA868713","SRR21013150","GCF_000005845.2","GCF_000836945.1"
"PRJNA804221","SRR17937333","GCF_028561935.1","GCA_026898255.1"
"PRJNA804221","SRR17937334","GCF_028561935.1","GCA_026898255.1"
"PRJNA804221","SRR17937335","GCF_028561935.1","GCA_026898255.1"
"PRJNA804221","SRR17937336","GCF_028561935.1","GCA_026898255.1"
"PRJNA804221","SRR17937337","GCF_028561935.1","GCA_026898255.1"
"PRJNA804221","SRR17937338","GCF_028561935.1","GCA_026898255.1"
"PRJNA804221","SRR17937339","GCF_028561935.1","GCA_026898255.1"
"PRJNA804221","SRR17937340","GCF_028561935.1","GCA_026898255.1"
"PRJNA804221","SRR17937341","GCF_028561935.1","GCA_026898255.1"
"PRJNA804221","SRR17937342","GCF_028561935.1","GCA_026898255.1"
"PRJNA804221","SRR17937343","GCF_028561935.1","GCA_026898255.1"
"PRJNA804221","SRR17937344","GCF_028561935.1","GCA_026898255.1"
"PRJNA804221","SRR17937345","GCF_028561935.1","GCA_026898255.1"
"PRJNA804221","SRR17937346","GCF_028561935.1","GCA_026898255.1"
"PRJNA804221","SRR17937347","GCF_028561935.1","GCA_026898255.1"
"PRJNA836150","SRR19152324","GCF_014070215.1","GCA_016836355.1"
"PRJNA836150","SRR19152325","GCF_014070215.1","GCA_016836355.1"
"PRJNA836150","SRR19152326","GCF_014070215.1","GCA_016836355.1"
"PRJNA836150","SRR19152327","GCF_014070215.1","GCA_016836355.1"
"PRJNA836150","SRR19152328","GCF_014070215.1","GCA_016836355.1"
"PRJNA836150","SRR19152329","GCF_014070215.1","GCA_016836355.1"
"PRJNA836150","SRR19152330","GCF_014070215.1","GCA_016836355.1"
"PRJNA836150","SRR19152331","GCF_014070215.1","GCA_016836355.1"
"PRJNA836150","SRR19152332","GCF_014070215.1","GCA_016836355.1"
"PRJNA836150","SRR19152333","GCF_014070215.1","GCA_016836355.1"
"PRJNA836150","SRR19152334","GCF_014070215.1","GCA_016836355.1"
"PRJNA836150","SRR19152335","GCF_014070215.1","GCA_016836355.1"
"PRJNA252740","SRR1393880","GCF_000006765.1","GCF_000842965.1"
"PRJNA252740","SRR1393881","GCF_000006765.1","GCF_000842965.1"
"PRJNA252740","SRR1393882","GCF_000006765.1","GCF_000842965.1"
"PRJNA252740","SRR1393883","GCF_000006765.1","GCF_000842965.1"
"PRJNA252740","SRR1393884","GCF_000006765.1","GCF_000842965.1"
"PRJNA252740","SRR1393885","GCF_000006765.1","GCF_000842965.1"
"PRJNA252740","SRR1393886","GCF_000006765.1","GCF_000842965.1"
"PRJNA252740","SRR1393887","GCF_000006765.1","GCF_000842965.1"
"PRJNA252740","SRR1393888","GCF_000006765.1","GCF_000842965.1"
"PRJNA252740","SRR1393889","GCF_000006765.1","GCF_000842965.1"
"PRJNA252740","SRR1393890","GCF_000006765.1","GCF_000842965.1"
"PRJNA252740","SRR1393891","GCF_000006765.1","GCF_000842965.1"
"PRJNA307603","SRR3084367","GCA_000568855.2","GCF_000913175.1"
"PRJNA307603","SRR3084368","GCA_000568855.2","GCF_000913175.1"
"PRJNA307603","SRR3084369","GCA_000568855.2","GCF_000913175.1"
"PRJNA307603","SRR3084370","GCA_000568855.2","GCF_000913175.1"
"PRJNA307603","SRR3084371","GCA_000568855.2","GCF_000913175.1"
"PRJNA307603","SRR3084372","GCA_000568855.2","GCF_000913175.1"
"PRJNA307603","SRR3084373","GCA_000568855.2","GCF_000913175.1"
"PRJNA307603","SRR3084374","GCA_000568855.2","GCF_000913175.1"
"PRJNA307603","SRR3084375","GCA_000568855.2","GCF_000913175.1"
"PRJNA307603","SRR3084376","GCA_000568855.2","GCF_000913175.1"
"PRJNA307603","SRR3084377","GCA_000568855.2","GCF_000913175.1"
"PRJNA307603","SRR3084378","GCA_000568855.2","GCF_000913175.1"
"PRJNA787900","SRR17196366","GCF_021739435.1","GCF_000846645.1"
"PRJNA787900","SRR17196367","GCF_021739435.1","GCF_000846645.1"
"PRJNA787900","SRR17196368","GCF_021739435.1","GCF_000846645.1"
"PRJNA787900","SRR17196369","GCF_021739435.1","GCF_000846645.1"
"PRJNA787900","SRR17196370","GCF_021739435.1","GCF_000846645.1"
"PRJNA787900","SRR17196371","GCF_021739435.1","GCF_000846645.1"
"PRJNA787900","SRR17196372","GCF_021739435.1","GCF_000846645.1"
"PRJNA787900","SRR17196373","GCF_021739435.1","GCF_000846645.1"
"PRJNA787900","SRR17196374","GCF_021739435.1","GCF_000846645.1"
"PRJNA787900","SRR17196375","GCF_021739435.1","GCF_000846645.1"
"PRJNA787900","SRR17196376","GCF_021739435.1","GCF_000846645.1"
"PRJNA787900","SRR17196377","GCF_021739435.1","GCF_000846645.1"
"PRJNA787900","SRR17196378","GCF_021739435.1","GCF_000846645.1"
"PRJNA787900","SRR17196379","GCF_021739435.1","GCF_000846645.1"
"PRJNA787900","SRR17196380","GCF_021739435.1","GCF_000846645.1"
"PRJNA787900","SRR17196381","GCF_021739435.1","GCF_000846645.1"
"PRJNA787900","SRR17196382","GCF_021739435.1","GCF_000846645.1"
"PRJNA787900","SRR17196383","GCF_021739435.1","GCF_000846645.1"
"PRJNA787900","SRR17196384","GCF_021739435.1","GCF_000846645.1"
"PRJNA787900","SRR17196385","GCF_021739435.1","GCF_000846645.1"
"PRJNA787900","SRR17196365","GCF_021739435.1","GCF_000846645.1"
"PRJNA787900","SRR17196386","GCF_000010465.1","GCF_000846645.1"
"PRJNA787900","SRR17196387","GCF_000010465.1","GCF_000846645.1"
"PRJNA787900","SRR17196388","GCF_000010465.1","GCF_000846645.1"
"PRJNA787900","SRR17196389","GCF_000010465.1","GCF_000846645.1"
"PRJNA787900","SRR17196390","GCF_000010465.1","GCF_000846645.1"
"PRJNA787900","SRR17196391","GCF_000010465.1","GCF_000846645.1"
"PRJNA787900","SRR17196392","GCF_000010465.1","GCF_000846645.1"
"PRJNA787900","SRR17196393","GCF_000010465.1","GCF_000846645.1"
"PRJNA787900","SRR17196394","GCF_000010465.1","GCF_000846645.1"
"PRJNA787900","SRR17196395","GCF_000010465.1","GCF_000846645.1"
"PRJNA787900","SRR17196396","GCF_000010465.1","GCF_000846645.1"
"PRJNA787900","SRR17196397","GCF_000010465.1","GCF_000846645.1"
"PRJNA787900","SRR17196398","GCF_000010465.1","GCF_000846645.1"
"PRJNA787900","SRR17196399","GCF_000010465.1","GCF_000846645.1"
"PRJNA787900","SRR17196400","GCF_000010465.1","GCF_000846645.1"
"PRJNA787900","SRR17196401","GCF_000010465.1","GCF_000846645.1"
"PRJNA787900","SRR17196402","GCF_000010465.1","GCF_000846645.1"
"PRJNA787900","SRR17196403","GCF_000010465.1","GCF_000846645.1"
"PRJNA787900","SRR17196404","GCF_000010465.1","GCF_000846645.1"
"PRJNA787900","SRR17196405","GCF_000010465.1","GCF_000846645.1"
"PRJNA787900","SRR17196406","GCF_000010465.1","GCF_000846645.1"
"PRJNA687267","SRR13290293","GCF_900186905.1","GCF_000819615.1"
"PRJNA687267","SRR13290294","GCF_900186905.1","GCF_000819615.1"
"PRJNA687267","SRR13290295","GCF_900186905.1","GCF_000819615.1"
"PRJNA687267","SRR13290296","GCF_900186905.1","GCF_000819615.1"
"PRJNA681237","SRR13160327","GCF_000006765.1","GCF_000879115.1"
"PRJNA681237","SRR13160328","GCF_000006765.1","GCF_000879115.1"
"PRJNA681237","SRR13160329","GCF_000006765.1","GCF_000879115.1"
"PRJNA681237","SRR13160330","GCF_000006765.1","GCF_000879115.1"
"PRJNA681237","SRR13160331","GCF_000006765.1","GCF_000879115.1"
"PRJNA681237","SRR13160332","GCF_000006765.1","GCF_000879115.1"
"PRJNA681237","SRR13160333","GCF_000006765.1","GCF_000879115.1"
"PRJNA681237","SRR13160334","GCF_000006765.1","GCF_000879115.1"
"PRJNA681237","SRR13160335","GCF_000006765.1","GCF_000879115.1"
"PRJNA681237","SRR13160336","GCF_000006765.1","GCF_000879115.1"
"PRJNA681237","SRR13160337","GCF_000006765.1","GCF_000879115.1"
"PRJNA681237","SRR13160338","GCF_000006765.1","GCF_000879115.1"
"PRJNA681237","SRR13160339","GCF_000006765.1","GCF_000879115.1"
"PRJNA681237","SRR13160340","GCF_000006765.1","GCF_000879115.1"
"PRJNA681237","SRR13160341","GCF_000006765.1","GCF_000879115.1"
"PRJNA681237","SRR13160342","GCF_000006765.1","GCF_000879115.1"
"PRJNA681237","SRR13160343","GCF_000006765.1","GCF_000879115.1"
"PRJNA681237","SRR13160344","GCF_000006765.1","GCF_000879115.1"
"PRJNA681237","SRR13160345","GCF_000006765.1","GCF_000879115.1"
"PRJNA681237","SRR13160346","GCF_000006765.1","GCF_000879115.1"
"PRJNA681237","SRR13160347","GCF_000006765.1","GCF_000879115.1"
"PRJNA681237","SRR13160348","GCF_000006765.1","GCF_000879115.1"
"PRJNA681237","SRR13160349","GCF_000006765.1","GCF_000879115.1"
"PRJNA681237","SRR13160350","GCF_000006765.1","GCF_000879115.1"
"PRJNA1025116","SRR26321350","GCA_027947475.1","GCA_023897745.1"
"PRJNA1025116","SRR26321351","GCA_027947475.1","GCA_023897745.1"
"PRJNA1025116","SRR26321352","GCA_027947475.1","GCA_023897745.1"
"PRJNA1025116","SRR26321353","GCA_027947475.1","GCA_023897745.1"
"PRJNA1025116","SRR26321354","GCA_027947475.1","GCA_023897745.1"
"PRJNA1025116","SRR26321355","GCA_027947475.1","GCA_023897745.1"
"PRJNA1025116","SRR26321356","GCA_027947475.1","GCA_023897745.1"
"PRJNA1025116","SRR26321357","GCA_027947475.1","GCA_023897745.1"
"PRJNA1025116","SRR26321358","GCA_027947475.1","GCA_023897745.1"
"PRJNA1025116","SRR26321359","GCA_027947475.1","GCA_023897745.1"
"PRJNA1025116","SRR26321360","GCA_027947475.1","GCA_023897745.1"
"PRJNA1025116","SRR26321361","GCA_027947475.1","GCA_023897745.1"
"PRJNA1025116","SRR26321362","GCA_027947475.1","GCA_023897745.1"
"PRJNA1025116","SRR26321363","GCA_027947475.1","GCA_023897745.1"
"PRJNA1025116","SRR26321364","GCA_027947475.1","GCA_023897745.1"
"PRJNA1025116","SRR26321365","GCA_027947475.1","GCA_023897745.1"
"PRJNA1025116","SRR26321366","GCA_027947475.1","GCA_023897745.1"
"PRJNA1025116","SRR26321367","GCA_027947475.1","GCA_023897745.1"
"PRJNA1025116","SRR26321368","GCA_027947475.1","GCA_023897745.1"
"PRJNA1025116","SRR26321369","GCA_027947475.1","GCA_023897745.1"
"PRJNA1025116","SRR26321370","GCA_027947475.1","GCA_023897745.1"
"PRJNA1025116","SRR26321371","GCA_027947475.1","GCA_023897745.1"
"PRJNA1025116","SRR26321372","GCA_027947475.1","GCA_023897745.1"
"PRJNA1025116","SRR26321373","GCA_027947475.1","GCA_023897745.1"
"PRJNA1025116","SRR26321374","GCA_027947475.1","GCA_023897745.1"
"PRJNA1025116","SRR26321375","GCA_027947475.1","GCA_023897745.1"
"PRJNA1025116","SRR26321376","GCA_027947475.1","GCA_023897745.1"
"PRJNA1025116","SRR26321377","GCA_027947475.1","GCA_023897745.1"
"PRJNA1025116","SRR26321378","GCA_027947475.1","GCA_023897745.1"
"PRJNA1025116","SRR26321379","GCA_027947475.1","GCA_023897745.1"
"PRJNA1025116","SRR26321380","GCA_027947475.1","GCA_023897745.1"
"PRJNA1025116","SRR26321381","GCA_027947475.1","GCA_023897745.1"
"PRJNA1025116","SRR26321382","GCA_027947475.1","GCA_023897745.1"
"PRJNA1025116","SRR26321383","GCA_027947475.1","GCA_023897745.1"
"PRJNA1025116","SRR26321384","GCA_027947475.1","GCA_023897745.1"
"PRJNA1025116","SRR26321385","GCA_027947475.1","GCA_023897745.1"
"PRJNA1025116","SRR26321386","GCA_027947475.1","GCA_023897745.1"
"PRJNA1025116","SRR26321387","GCA_027947475.1","GCA_023897745.1"
"PRJNA1025116","SRR26321388","GCA_027947475.1","GCA_023897745.1"
"PRJNA1065939","SRR27597767","GCF_002993865.1","GCF_000846645.1"
"PRJNA1065939","SRR27597768","GCF_002993865.1","GCF_000846645.1"
"PRJNA1065939","SRR27597769","GCF_002993865.1","GCF_000846645.1"
"PRJNA1065939","SRR27597770","GCF_002993865.1","GCF_000846645.1"
"PRJNA1065939","SRR27597771","GCF_002993865.1","GCF_000846645.1"
"PRJNA1065939","SRR27597772","GCF_002993865.1","GCF_000846645.1"
"PRJNA1065939","SRR27597773","GCF_002993865.1","GCF_000846645.1"
"PRJNA1065939","SRR27597774","GCF_002993865.1","GCF_000846645.1"
"PRJNA1065939","SRR27597775","GCF_002993865.1","GCF_000846645.1"
"PRJNA1065939","SRR27597776","GCF_002993865.1","GCF_000846645.1"
"PRJNA1065939","SRR27597777","GCF_002993865.1","GCF_000846645.1"
"PRJNA1065939","SRR27597778","GCF_002993865.1","GCF_000846645.1"
"PRJNA1065939","SRR27597779","GCF_002993865.1","GCF_000846645.1"
"PRJNA1065939","SRR27597780","GCF_002993865.1","GCF_000846645.1"
"PRJNA1065939","SRR27597781","GCF_002993865.1","GCF_000846645.1"
"PRJNA1065939","SRR27597782","GCF_002993865.1","GCF_000846645.1"
"PRJNA1065939","SRR27597783","GCF_002993865.1","GCF_000846645.1"
"PRJNA1065939","SRR27597784","GCF_002993865.1","GCF_000846645.1"
"PRJNA1065939","SRR27597785","GCF_002993865.1","GCF_000846645.1"
"PRJNA1065939","SRR27597786","GCF_002993865.1","GCF_000846645.1"
"PRJNA1065939","SRR27597787","GCF_002993865.1","GCF_000846645.1"
"PRJNA1065939","SRR27597788","GCF_002993865.1","GCF_000846645.1"
"PRJNA1065939","SRR27597789","GCF_002993865.1","GCF_000846645.1"
"PRJNA1065939","SRR27597790","GCF_002993865.1","GCF_000846645.1"
"PRJNA1065939","SRR27597791","GCF_002993865.1","GCF_000846645.1"
"PRJNA1065939","SRR27597792","GCF_002993865.1","GCF_000846645.1"
"PRJNA1065939","SRR27597793","GCF_002993865.1","GCF_000846645.1"
"PRJNA1065939","SRR27597794","GCF_002993865.1","GCF_000846645.1"
"PRJNA1065939","SRR27597795","GCF_002993865.1","GCF_000846645.1"
"PRJNA1065939","SRR27597796","GCF_002993865.1","GCF_000846645.1"
"PRJNA1065939","SRR27597797","GCF_002993865.1","GCF_000846645.1"
"PRJNA1065939","SRR27597798","GCF_002993865.1","GCF_000846645.1"
"PRJNA1065939","SRR27597799","GCF_002993865.1","GCF_000846645.1"
"PRJNA1065939","SRR27597800","GCF_002993865.1","GCF_000846645.1"
"PRJNA1065939","SRR27597801","GCF_002993865.1","GCF_000846645.1"
"PRJNA1065939","SRR27597802","GCF_002993865.1","GCF_000846645.1"
"PRJNA1065939","SRR27597803","GCF_002993865.1","GCF_000846645.1"
"PRJNA1065939","SRR27597804","GCF_002993865.1","GCF_000846645.1"
"PRJNA1065939","SRR27597805","GCF_002993865.1","GCF_000846645.1"
"PRJNA1065939","SRR27597806","GCF_002993865.1","GCF_000846645.1"
"PRJNA1065939","SRR27597807","GCF_002993865.1","GCF_000846645.1"
"PRJNA1065939","SRR27597808","GCF_002993865.1","GCF_000846645.1"
"PRJNA1065939","SRR27597809","GCF_002993865.1","GCF_000846645.1"
"PRJNA1065939","SRR27597810","GCF_002993865.1","GCF_000846645.1"
"PRJNA1065939","SRR27597811","GCF_002993865.1","GCF_000846645.1"
"PRJNA1065939","SRR27597812","GCF_002993865.1","GCF_000846645.1"
"PRJNA1065939","SRR27597813","GCF_002993865.1","GCF_000846645.1"
"PRJNA1065939","SRR27597814","GCF_002993865.1","GCF_000846645.1"
"PRJNA1065939","SRR27597815","GCF_002993865.1","GCF_000846645.1"
"PRJNA1065939","SRR27597816","GCF_002993865.1","GCF_000846645.1"
"PRJNA1065939","SRR27597817","GCF_002993865.1","GCF_000846645.1"
"PRJNA1065939","SRR27597818","GCF_002993865.1","GCF_000846645.1"
"PRJNA1065939","SRR27597819","GCF_002993865.1","GCF_000846645.1"
"PRJNA1065939","SRR27597820","GCF_002993865.1","GCF_000846645.1"
"PRJNA1065939","SRR27597821","GCF_002993865.1","GCF_000846645.1"
"PRJNA1065939","SRR27597822","GCF_002993865.1","GCF_000846645.1"
"PRJNA1068994","SRR27723728","GCF_000011925.1","GCF_002622385.1"
"PRJNA1068994","SRR27723729","GCF_000011925.1","GCF_002622385.1"
"PRJNA1068994","SRR27723730","GCF_000011925.1","GCF_002622385.1"
"PRJNA1068994","SRR27723731","GCF_000011925.1","GCF_002622385.1"
"PRJNA1068994","SRR27723732","GCF_000011925.1","GCF_002622385.1"
"PRJNA1068994","SRR27723733","GCF_000011925.1","GCF_002622385.1"
"PRJNA1068994","SRR27723734","GCF_000011925.1","GCF_002622385.1"
"PRJNA1068994","SRR27723735","GCF_000011925.1","GCF_002622385.1"
"PRJNA1068994","SRR27723736","GCF_000011925.1","GCF_002622385.1"
"PRJNA1068994","SRR27723737","GCF_000011925.1","GCF_002622385.1"
"PRJNA1068994","SRR27723738","GCF_000011925.1","GCF_002622385.1"
"PRJNA1068994","SRR27723739","GCF_000011925.1","GCF_002622385.1"
"PRJNA1068994","SRR27723740","GCF_000011925.1","GCF_002622385.1"
"PRJNA1068994","SRR27723741","GCF_000011925.1","GCF_002622385.1"
"PRJNA1068994","SRR27723742","GCF_000011925.1","GCF_002622385.1"
"PRJNA1068994","SRR27723743","GCF_000011925.1","GCF_002622385.1"
"PRJNA1068994","SRR27723744","GCF_000011925.1","GCF_002622385.1"
"PRJNA1068994","SRR27723745","GCF_000011925.1","GCF_002622385.1"
"PRJNA1068994","SRR27723746","GCF_000011925.1","GCF_002622385.1"
"PRJNA1068994","SRR27723747","GCF_000011925.1","GCF_002622385.1"
"PRJNA1068994","SRR27723748","GCF_000011925.1","GCF_002622385.1"
"PRJNA1068994","SRR27723749","GCF_000011925.1","GCF_002622385.1"
"PRJNA1068994","SRR27723750","GCF_000011925.1","GCF_002622385.1"
"PRJNA1068994","SRR27723751","GCF_000011925.1","GCF_002622385.1"
"PRJNA340008","SRR4242921","GCA_000568855.2","GCF_000914095.1"
"PRJNA340008","SRR4242922","GCA_000568855.2","GCF_000914095.1"
"PRJNA340008","SRR4242923","GCA_000568855.2","GCF_000914095.1"
"PRJNA340008","SRR4242924","GCA_000568855.2","GCF_000914095.1"
"PRJNA340008","SRR4242925","GCA_000568855.2","GCF_000914095.1"
"PRJNA340008","SRR4242926","GCA_000568855.2","GCF_000914095.1"
"PRJNA340008","SRR4242927","GCA_000568855.2","GCF_000914095.1"
"PRJNA340008","SRR4242928","GCA_000568855.2","GCF_000914095.1"
"PRJNA340008","SRR4242929","GCA_000568855.2","GCF_000914095.1"
"PRJNA340008","SRR4242930","GCA_000568855.2","GCF_000914095.1"
"PRJNA340008","SRR4242931","GCA_000568855.2","GCF_000914095.1"
"PRJNA340008","SRR4242932","GCA_000568855.2","GCF_000914095.1"
"PRJNA641380","SRR12075572","GCF_000006765.1","GCF_000842965.1"
"PRJNA641380","SRR12075573","GCF_000006765.1","GCF_000842965.1"
"PRJNA641380","SRR12075574","GCF_000006765.1","GCF_000842965.1"
"PRJNA641380","SRR12075575","GCF_000006765.1","GCF_000842965.1"
"PRJNA641380","SRR12075576","GCF_000006765.1","GCF_000842965.1"
"PRJNA641380","SRR12075577","GCF_000006765.1","GCF_000842965.1"
"PRJNA641380","SRR12075578","GCF_000006765.1","GCF_000842965.1"
"PRJNA641380","SRR12075579","GCF_000006765.1","GCF_000842965.1"
"PRJEB12430","ERR1223403","GCF_000009045.1","GCF_000880275.1"
"PRJEB12430","ERR1223404","GCF_000009045.1","GCF_000880275.1"
"PRJEB12430","ERR1223405","GCF_000009045.1","GCF_000880275.1"
"PRJEB12430","ERR1223406","GCF_000009045.1","GCF_000880275.1"
"PRJEB12430","ERR1223407","GCF_000009045.1","GCF_000880275.1"
"PRJEB12430","ERR1223408","GCF_000009045.1","GCF_000880275.1"
"PRJEB12430","ERR1223409","GCF_000009045.1","GCF_000880275.1"
"PRJEB12430","ERR1223410","GCF_000009045.1","GCF_000880275.1"
"PRJNA524872","SRR8667464","GCF_002873815.2","GCA_003931435.1"
"PRJNA524872","SRR8667465","GCF_002873815.2","GCA_003931435.1"
"PRJNA524872","SRR8667466","GCF_002873815.2","GCA_003931435.1"
"PRJNA524872","SRR8667467","GCF_002873815.2","GCA_003931435.1"
"PRJNA524872","SRR8667468","GCF_002873815.2","GCA_003931435.1"
"PRJNA524872","SRR8667469","GCF_002873815.2","GCA_003931435.1"
"PRJNA524872","SRR8667470","GCF_002873815.2","GCA_003931435.1"
"PRJNA524872","SRR8667471","GCF_002873815.2","GCA_003931435.1"
"PRJNA524872","SRR8667472","GCF_002873815.2","GCA_003931435.1"
"PRJNA524872","SRR8667473","GCF_002873815.2","GCA_003931435.1"
"PRJNA633474","SRR11805715","GCA_000063505.1","GCA_013086035.1"
"PRJNA633474","SRR11805716","GCA_000063505.1","GCA_013086035.1"
"PRJNA633474","SRR11805717","GCA_000063505.1","GCA_013086035.1"
"PRJNA633474","SRR11805718","GCA_000063505.1","GCA_013086035.1"
"PRJNA633474","SRR11805719","GCA_000063505.1","GCA_013086035.1"
"PRJNA633474","SRR11805720","GCA_000063505.1","GCA_013086035.1"
"PRJNA633474","SRR11805721","GCA_000063505.1","GCA_013086035.1"
"PRJNA528935","SRR8782490","GCF_000006765.1","GCF_002925595.1"
"PRJNA528935","SRR8782491","GCF_000006765.1","GCF_002925595.1"
"PRJNA528935","SRR8782492","GCF_000006765.1","GCF_002925595.1"
"PRJNA528935","SRR8782493","GCF_000006765.1","GCF_002925595.1"
"PRJNA528935","SRR8782494","GCF_000006765.1","GCF_002925595.1"
"PRJNA528935","SRR8782495","GCF_000006765.1","GCF_002925595.1"
"PRJNA528935","SRR8782496","GCF_000006765.1","GCF_002925595.1"
"PRJNA528935","SRR8782497","GCF_000006765.1","GCF_002925595.1"
"PRJNA528935","SRR8782498","GCF_000006765.1","GCF_002925595.1"
"PRJNA528935","SRR8782499","GCF_000006765.1","GCF_002925595.1"
"PRJNA528935","SRR8782500","GCF_000006765.1","GCF_002925595.1"
"PRJNA528935","SRR8782501","GCF_000006765.1","GCF_002925595.1"
"PRJNA534259","SRR8948477","GCF_000006765.1","GCF_006516655.1"
"PRJNA534259","SRR8948478","GCF_000006765.1","GCF_006516655.1"
"PRJNA534259","SRR8948479","GCF_000006765.1","GCF_006516655.1"
"PRJNA534259","SRR8948480","GCF_000006765.1","GCF_006516655.1"
"PRJNA534259","SRR8948481","GCF_000006765.1","GCF_006516655.1"
"PRJNA534259","SRR8948482","GCF_000006765.1","GCF_006516655.1"
"PRJNA534259","SRR8948483","GCF_000006765.1","GCF_006516655.1"
"PRJNA534259","SRR8948484","GCF_000006765.1","GCF_006516655.1"
"PRJNA534259","SRR8948485","GCF_000006765.1","GCF_006516655.1"
"PRJNA534259","SRR8948486","GCF_000006765.1","GCF_006516655.1"
"PRJNA534259","SRR8948487","GCF_000006765.1","GCF_006516655.1"
"PRJNA534259","SRR8948488","GCF_000006765.1","GCF_006516655.1"
"PRJNA534259","SRR8948489","GCF_000006765.1","GCF_006516655.1"
"PRJNA610075","SRR11232747","GCF_001166725.1","GCA_022516595.1"
"PRJNA610075","SRR11232748","GCF_001166725.1","GCA_022516595.1"
"PRJNA610075","SRR11232749","GCF_001166725.1","GCA_022516595.1"
"PRJNA610075","SRR11232750","GCF_001166725.1","GCA_022516595.1"
"PRJNA610075","SRR11232751","GCF_001166725.1","GCA_022516595.1"
"PRJNA610075","SRR11232752","GCF_001166725.1","GCA_022516595.1"
"PRJNA610075","SRR11232753","GCF_001166725.1","GCA_022516595.1"
"PRJNA610075","SRR11232754","GCF_001166725.1","GCA_022516595.1"
"PRJNA610075","SRR11232755","GCF_001166725.1","GCA_022516595.1"
"PRJNA610075","SRR11232756","GCF_001166725.1","GCA_022516595.1"
"PRJNA610075","SRR11232757","GCF_001166725.1","GCA_022516595.1"
"PRJNA610075","SRR11232758","GCF_001166725.1","GCA_022516595.1"
"PRJNA610075","SRR11232759","GCF_001166725.1","GCA_022516595.1"
"PRJNA610075","SRR11232760","GCF_001166725.1","GCA_022516595.1"
"PRJNA610075","SRR11232761","GCF_001166725.1","GCA_022516595.1"
"PRJNA610075","SRR11232762","GCF_001166725.1","GCA_022516595.1"
"PRJNA610075","SRR11232763","GCF_001166725.1","GCA_022516595.1"
"PRJNA610075","SRR11232764","GCF_001166725.1","GCA_022516595.1"
"PRJNA610075","SRR11232765","GCF_001166725.1","GCA_022516595.1"
"PRJNA610075","SRR11232766","GCF_001166725.1","GCA_022516595.1"
"PRJNA1230733","SRR32547828","GCF_012913625.1","GCA_012288095.1"
"PRJNA1230733","SRR32547829","GCF_012913625.1","GCA_012288095.1"
"PRJNA1230733","SRR32547830","GCF_012913625.1","GCA_012288095.1"
"PRJNA1230733","SRR32547831","GCF_012913625.1","GCA_012288095.1"
"PRJNA1230733","SRR32547832","GCF_012913625.1","GCA_012288095.1"
"PRJNA1230733","SRR32547833","GCF_012913625.1","GCA_012288095.1"
"PRJNA1230733","SRR32547834","GCF_012913625.1","GCA_012288095.1"
"PRJNA1230733","SRR32547835","GCF_012913625.1","GCA_012288095.1"
"PRJNA1242552","SRR32886495","GCF_000006765.1","GCA_020487845.1"
"PRJNA1242552","SRR32886496","GCF_000006765.1","GCA_020487845.1"
"PRJNA1242552","SRR32886497","GCF_000006765.1","GCA_020487845.1"
"PRJNA1242552","SRR32886498","GCF_000006765.1","GCA_020487845.1"
"PRJNA1242552","SRR32886499","GCF_000006765.1","GCA_020487845.1"
"PRJNA1242552","SRR32886500","GCF_000006765.1","GCA_020487845.1"
"PRJNA1242552","SRR32886501","GCF_000006765.1","GCA_020487845.1"
"PRJNA1242552","SRR32886502","GCF_000006765.1","GCA_020487845.1"
"PRJNA1242552","SRR32886503","GCF_000006765.1","GCA_020487845.1"
"PRJNA1242552","SRR32886504","GCF_000006765.1","GCA_020487845.1"
"PRJNA1242552","SRR32886505","GCF_000006765.1","GCA_020487845.1"
"PRJNA1242552","SRR32886506","GCF_000006765.1","GCA_020487845.1"
"PRJNA1254618","SRR33380943","GCF_048593405.1","GCF_001505175.1"
"PRJNA1254618","SRR33380944","GCF_048593405.1","GCF_001505175.1"
"PRJNA1254618","SRR33380945","GCF_048593405.1","GCF_001505175.1"
"PRJNA1254618","SRR33380946","GCF_048593405.1","GCF_001505175.1"
"PRJNA1254618","SRR33380947","GCF_048593405.1","GCF_001505175.1"
"PRJNA1254618","SRR33380948","GCF_048593405.1","GCF_001505175.1"
"PRJNA1254618","SRR33380949","GCF_048593405.1","GCF_001505175.1"
"PRJNA1254618","SRR33380950","GCF_048593405.1","GCF_001505175.1"
"PRJNA1254618","SRR33380951","GCF_048593405.1","GCF_001505175.1"
"PRJNA1254618","SRR33380952","GCF_048593405.1","GCF_001505175.1"
"PRJNA1254618","SRR33380953","GCF_048593405.1","GCF_001505175.1"
"PRJNA1254618","SRR33380954","GCF_048593405.1","GCF_001505175.1"
"PRJNA481888","SRR7540975","GCA_003388635.1","GCA_020472925.1"
"PRJNA481888","SRR7540976","GCA_003388635.1","GCA_020472925.1"
"PRJNA481888","SRR7540977","GCA_003388635.1","GCA_020472925.1"
"PRJNA481888","SRR7540978","GCA_003388635.1","GCA_020472925.1"
"PRJNA481888","SRR7540979","GCA_003388635.1","GCA_020472925.1"
"PRJNA481888","SRR7540980","GCA_003388635.1","GCA_020472925.1"
"PRJNA481888","SRR7540981","GCA_003388635.1","GCA_020472925.1"
"PRJNA481888","SRR7540982","GCA_003388635.1","GCA_020472925.1"
"PRJNA481888","SRR7540983","GCA_003388635.1","GCA_020472925.1"
"PRJNA481888","SRR7540984","GCA_003388635.1","GCA_020472925.1"
"PRJNA481888","SRR7540985","GCA_003388635.1","GCA_020472925.1"
"PRJNA882106","SRR21629770","GCF_001886595.1","GCA_014337455.1"
"PRJNA882106","SRR21629771","GCF_001886595.1","GCA_014337455.1"
"PRJNA882106","SRR21629772","GCF_001886595.1","GCA_014337455.1"
"PRJNA882106","SRR21629773","GCF_001886595.1","GCA_014337455.1"
"PRJNA882106","SRR21629774","GCF_001886595.1","GCA_014337455.1"
"PRJNA882106","SRR21629775","GCF_001886595.1","GCA_014337455.1"
"PRJNA882106","SRR21629776","GCF_001886595.1","GCA_014337455.1"
"PRJNA882106","SRR21629777","GCF_001886595.1","GCA_014337455.1"
"PRJNA847232","SRR19585870","GCF_000005845.2","GCF_000836945.1"
"PRJNA847232","SRR19585871","GCF_000005845.2","GCF_000836945.1"
"PRJNA847232","SRR19585872","GCF_000005845.2","GCF_000836945.1"
"PRJNA847232","SRR19585873","GCF_000005845.2","GCF_000836945.1"
"PRJNA847232","SRR19585874","GCF_000005845.2","GCF_000836945.1"
"PRJNA847232","SRR19585875","GCF_000005845.2","GCF_000836945.1"
