Run,Assay Type,AvgSpotLen,Bases,BioProject,BioSample,Bytes,Center Name,Consent,control_or_infected,DATASTORE filetype,DATASTORE provider,DATASTORE region,Experiment,GEO_Accession (exp),host_strain,Instrument,LibraryLayout,LibrarySelection,LibrarySource,light_or_dark,Organism,phage_strain,Platform,ReleaseDate,replicate,create_date,version,Sample Name,source_name,SRA Study,strain,sub_species,timepoint
SRR3234484,RNA-Seq,80,234536240,PRJNA315575,SAMN04566044,145381782,GEO,public,control,"run.zq,fastq,sra","s3,ncbi,gs","gs.us-east1,ncbi.public,s3.us-east-1",SRX1640094,GSM2092847,Prochlorococcus marinus MED4,Illumina HiSeq 2000,PAIRED,cDNA,TRANSCRIPTOMIC,dark,Prochlorococcus marinus subsp. pastoris str. CCMP1986,Cyanophage P-HM2,ILLUMINA,2016-03-21T00:00:00Z,1,2016-03-17T18:56:00Z,1,GSM2092847,Prochlorococcus culture,SRP071951,CCMP1986,pastoris,0.5
SRR3234485,RNA-Seq,80,244502240,PRJNA315575,SAMN04566045,147376510,GEO,public,control,"run.zq,fastq,sra","ncbi,gs,s3","s3.us-east-1,ncbi.public,gs.us-east1",SRX1640095,GSM2092848,Prochlorococcus marinus MED4,Illumina HiSeq 2000,PAIRED,cDNA,TRANSCRIPTOMIC,dark,Prochlorococcus marinus subsp. pastoris str. CCMP1986,Cyanophage P-HM2,ILLUMINA,2016-03-21T00:00:00Z,1,2016-03-17T18:56:00Z,1,GSM2092848,Prochlorococcus culture,SRP071951,CCMP1986,pastoris,1.5
SRR3234486,RNA-Seq,80,232592480,PRJNA315575,SAMN04566046,139779011,GEO,public,control,"run.zq,sra,fastq","s3,gs,ncbi","ncbi.public,s3.us-east-1,gs.us-east1",SRX1640096,GSM2092849,Prochlorococcus marinus MED4,Illumina HiSeq 2000,PAIRED,cDNA,TRANSCRIPTOMIC,dark,Prochlorococcus marinus subsp. pastoris str. CCMP1986,Cyanophage P-HM2,ILLUMINA,2016-03-21T00:00:00Z,1,2016-03-17T18:56:00Z,1,GSM2092849,Prochlorococcus culture,SRP071951,CCMP1986,pastoris,2.5
SRR3234487,RNA-Seq,80,220436720,PRJNA315575,SAMN04566047,132767786,GEO,public,control,"run.zq,fastq,sra","s3,ncbi,gs","ncbi.public,gs.us-east1,s3.us-east-1",SRX1640097,GSM2092850,Prochlorococcus marinus MED4,Illumina HiSeq 2000,PAIRED,cDNA,TRANSCRIPTOMIC,dark,Prochlorococcus marinus subsp. pastoris str. CCMP1986,Cyanophage P-HM2,ILLUMINA,2016-03-21T00:00:00Z,1,2016-03-17T18:56:00Z,1,GSM2092850,Prochlorococcus culture,SRP071951,CCMP1986,pastoris,4.5
SRR3234488,RNA-Seq,80,193805040,PRJNA315575,SAMN04566048,117464299,GEO,public,control,"sra,run.zq,fastq","gs,ncbi,s3","s3.us-east-1,ncbi.public,gs.us-east1",SRX1640098,GSM2092851,Prochlorococcus marinus MED4,Illumina HiSeq 2000,PAIRED,cDNA,TRANSCRIPTOMIC,dark,Prochlorococcus marinus subsp. pastoris str. CCMP1986,Cyanophage P-HM2,ILLUMINA,2016-03-21T00:00:00Z,1,2016-03-17T18:56:00Z,1,GSM2092851,Prochlorococcus culture,SRP071951,CCMP1986,pastoris,8.5
SRR3234489,RNA-Seq,80,240798320,PRJNA315575,SAMN04566049,146978394,GEO,public,control,"run.zq,sra,fastq","gs,ncbi,s3","s3.us-east-1,gs.us-east1,ncbi.public",SRX1640099,GSM2092852,Prochlorococcus marinus MED4,Illumina HiSeq 2000,PAIRED,cDNA,TRANSCRIPTOMIC,light,Prochlorococcus marinus subsp. pastoris str. CCMP1986,Cyanophage P-HM2,ILLUMINA,2016-03-21T00:00:00Z,1,2016-03-17T18:56:00Z,1,GSM2092852,Prochlorococcus culture,SRP071951,CCMP1986,pastoris,0.5
SRR3234490,RNA-Seq,80,211737120,PRJNA315575,SAMN04566050,127272088,GEO,public,control,"fastq,sra,run.zq","gs,ncbi,s3","gs.us-east1,s3.us-east-1,ncbi.public",SRX1640100,GSM2092853,Prochlorococcus marinus MED4,Illumina HiSeq 2000,PAIRED,cDNA,TRANSCRIPTOMIC,light,Prochlorococcus marinus subsp. pastoris str. CCMP1986,Cyanophage P-HM2,ILLUMINA,2016-03-21T00:00:00Z,1,2016-03-17T18:56:00Z,1,GSM2092853,Prochlorococcus culture,SRP071951,CCMP1986,pastoris,1.5
SRR3234491,RNA-Seq,80,249854720,PRJNA315575,SAMN04566051,152270130,GEO,public,control,"sra,run.zq,fastq","gs,ncbi,s3","gs.us-east1,ncbi.public,s3.us-east-1",SRX1640101,GSM2092854,Prochlorococcus marinus MED4,Illumina HiSeq 2000,PAIRED,cDNA,TRANSCRIPTOMIC,light,Prochlorococcus marinus subsp. pastoris str. CCMP1986,Cyanophage P-HM2,ILLUMINA,2016-03-21T00:00:00Z,1,2016-03-17T18:56:00Z,1,GSM2092854,Prochlorococcus culture,SRP071951,CCMP1986,pastoris,2.5
SRR3234492,RNA-Seq,80,193233040,PRJNA315575,SAMN04566052,117600146,GEO,public,control,"fastq,run.zq,sra","s3,ncbi,gs","ncbi.public,gs.us-east1,s3.us-east-1",SRX1640102,GSM2092855,Prochlorococcus marinus MED4,Illumina HiSeq 2000,PAIRED,cDNA,TRANSCRIPTOMIC,light,Prochlorococcus marinus subsp. pastoris str. CCMP1986,Cyanophage P-HM2,ILLUMINA,2016-03-21T00:00:00Z,1,2016-03-17T18:55:00Z,1,GSM2092855,Prochlorococcus culture,SRP071951,CCMP1986,pastoris,4.5
SRR3234493,RNA-Seq,80,212958320,PRJNA315575,SAMN04566053,129251751,GEO,public,control,"fastq,run.zq,sra","ncbi,s3,gs","ncbi.public,gs.us-east1,s3.us-east-1",SRX1640103,GSM2092856,Prochlorococcus marinus MED4,Illumina HiSeq 2000,PAIRED,cDNA,TRANSCRIPTOMIC,light,Prochlorococcus marinus subsp. pastoris str. CCMP1986,Cyanophage P-HM2,ILLUMINA,2016-03-21T00:00:00Z,1,2016-03-17T18:56:00Z,1,GSM2092856,Prochlorococcus culture,SRP071951,CCMP1986,pastoris,8.5
SRR3234494,RNA-Seq,80,195929760,PRJNA315575,SAMN04566054,120796335,GEO,public,control,"run.zq,sra,fastq","ncbi,s3,gs","s3.us-east-1,gs.us-east1,ncbi.public",SRX1640104,GSM2092857,Prochlorococcus marinus MED4,Illumina HiSeq 2000,PAIRED,cDNA,TRANSCRIPTOMIC,dark,Prochlorococcus marinus subsp. pastoris str. CCMP1986,Cyanophage P-HM2,ILLUMINA,2016-03-21T00:00:00Z,2,2016-03-17T18:55:00Z,1,GSM2092857,Prochlorococcus culture,SRP071951,CCMP1986,pastoris,0.5
SRR3234495,RNA-Seq,80,199616080,PRJNA315575,SAMN04566055,120609856,GEO,public,control,"fastq,run.zq,sra","gs,ncbi,s3","s3.us-east-1,gs.us-east1,ncbi.public",SRX1640105,GSM2092858,Prochlorococcus marinus MED4,Illumina HiSeq 2000,PAIRED,cDNA,TRANSCRIPTOMIC,dark,Prochlorococcus marinus subsp. pastoris str. CCMP1986,Cyanophage P-HM2,ILLUMINA,2016-03-21T00:00:00Z,2,2016-03-17T18:55:00Z,1,GSM2092858,Prochlorococcus culture,SRP071951,CCMP1986,pastoris,1.5
SRR3234496,RNA-Seq,80,220843920,PRJNA315575,SAMN04566056,134328044,GEO,public,control,"fastq,run.zq,sra","ncbi,s3,gs","gs.us-east1,s3.us-east-1,ncbi.public",SRX1640106,GSM2092859,Prochlorococcus marinus MED4,Illumina HiSeq 2000,PAIRED,cDNA,TRANSCRIPTOMIC,dark,Prochlorococcus marinus subsp. pastoris str. CCMP1986,Cyanophage P-HM2,ILLUMINA,2016-03-21T00:00:00Z,2,2016-03-17T18:55:00Z,1,GSM2092859,Prochlorococcus culture,SRP071951,CCMP1986,pastoris,2.5
SRR3234497,RNA-Seq,80,198322560,PRJNA315575,SAMN04566057,121014307,GEO,public,control,"fastq,sra,run.zq","ncbi,s3,gs","ncbi.public,gs.us-east1,s3.us-east-1",SRX1640107,GSM2092860,Prochlorococcus marinus MED4,Illumina HiSeq 2000,PAIRED,cDNA,TRANSCRIPTOMIC,dark,Prochlorococcus marinus subsp. pastoris str. CCMP1986,Cyanophage P-HM2,ILLUMINA,2016-03-21T00:00:00Z,2,2016-03-17T18:55:00Z,1,GSM2092860,Prochlorococcus culture,SRP071951,CCMP1986,pastoris,4.5
SRR3234498,RNA-Seq,80,180347920,PRJNA315575,SAMN04566058,109670070,GEO,public,control,"run.zq,sra,fastq","s3,gs,ncbi","gs.us-east1,s3.us-east-1,ncbi.public",SRX1640108,GSM2092861,Prochlorococcus marinus MED4,Illumina HiSeq 2000,PAIRED,cDNA,TRANSCRIPTOMIC,dark,Prochlorococcus marinus subsp. pastoris str. CCMP1986,Cyanophage P-HM2,ILLUMINA,2016-03-21T00:00:00Z,2,2016-03-17T18:55:00Z,1,GSM2092861,Prochlorococcus culture,SRP071951,CCMP1986,pastoris,8.5
SRR3234499,RNA-Seq,80,236371600,PRJNA315575,SAMN04566059,148069032,GEO,public,control,"run.zq,fastq,sra","s3,ncbi,gs","ncbi.public,gs.us-east1,s3.us-east-1",SRX1640109,GSM2092862,Prochlorococcus marinus MED4,Illumina HiSeq 2000,PAIRED,cDNA,TRANSCRIPTOMIC,light,Prochlorococcus marinus subsp. pastoris str. CCMP1986,Cyanophage P-HM2,ILLUMINA,2016-03-21T00:00:00Z,2,2016-03-17T18:55:00Z,1,GSM2092862,Prochlorococcus culture,SRP071951,CCMP1986,pastoris,0.5
SRR3234500,RNA-Seq,80,204524480,PRJNA315575,SAMN04566060,124613645,GEO,public,control,"sra,fastq,run.zq","s3,ncbi,gs","s3.us-east-1,ncbi.public,gs.us-east1",SRX1640110,GSM2092863,Prochlorococcus marinus MED4,Illumina HiSeq 2000,PAIRED,cDNA,TRANSCRIPTOMIC,light,Prochlorococcus marinus subsp. pastoris str. CCMP1986,Cyanophage P-HM2,ILLUMINA,2016-03-21T00:00:00Z,2,2016-03-17T18:55:00Z,1,GSM2092863,Prochlorococcus culture,SRP071951,CCMP1986,pastoris,1.5
SRR3234501,RNA-Seq,80,237003520,PRJNA315575,SAMN04566040,144186636,GEO,public,control,"run.zq,sra,fastq","ncbi,s3,gs","gs.us-east1,ncbi.public,s3.us-east-1",SRX1640111,GSM2092864,Prochlorococcus marinus MED4,Illumina HiSeq 2000,PAIRED,cDNA,TRANSCRIPTOMIC,light,Prochlorococcus marinus subsp. pastoris str. CCMP1986,Cyanophage P-HM2,ILLUMINA,2016-03-21T00:00:00Z,2,2016-03-17T18:56:00Z,1,GSM2092864,Prochlorococcus culture,SRP071951,CCMP1986,pastoris,2.5
SRR3234502,RNA-Seq,80,243484320,PRJNA315575,SAMN04566041,147979657,GEO,public,control,"run.zq,sra,fastq","s3,ncbi,gs","ncbi.public,gs.us-east1,s3.us-east-1",SRX1640112,GSM2092865,Prochlorococcus marinus MED4,Illumina HiSeq 2000,PAIRED,cDNA,TRANSCRIPTOMIC,light,Prochlorococcus marinus subsp. pastoris str. CCMP1986,Cyanophage P-HM2,ILLUMINA,2016-03-21T00:00:00Z,2,2016-03-17T18:55:00Z,1,GSM2092865,Prochlorococcus culture,SRP071951,CCMP1986,pastoris,4.5
SRR3234503,RNA-Seq,80,299674720,PRJNA315575,SAMN04566042,181070267,GEO,public,control,"fastq,sra,run.zq","s3,gs,ncbi","ncbi.public,s3.us-east-1,gs.us-east1",SRX1640113,GSM2092866,Prochlorococcus marinus MED4,Illumina HiSeq 2000,PAIRED,cDNA,TRANSCRIPTOMIC,light,Prochlorococcus marinus subsp. pastoris str. CCMP1986,Cyanophage P-HM2,ILLUMINA,2016-03-21T00:00:00Z,2,2016-03-17T18:55:00Z,1,GSM2092866,Prochlorococcus culture,SRP071951,CCMP1986,pastoris,8.5
SRR3234504,RNA-Seq,80,192935120,PRJNA315575,SAMN04566043,120615866,GEO,public,infected,"fastq,run.zq,sra","s3,ncbi,gs","gs.us-east1,ncbi.public,s3.us-east-1",SRX1640114,GSM2092867,Prochlorococcus marinus MED4,Illumina HiSeq 2000,PAIRED,cDNA,TRANSCRIPTOMIC,dark,Prochlorococcus marinus subsp. pastoris str. CCMP1986,Cyanophage P-HM2,ILLUMINA,2016-03-21T00:00:00Z,1,2016-03-17T18:55:00Z,1,GSM2092867,Prochlorococcus culture,SRP071951,CCMP1986,pastoris,0.5
SRR3234505,RNA-Seq,80,215926480,PRJNA315575,SAMN04566034,131307384,GEO,public,infected,"sra,run.zq,fastq","s3,ncbi,gs","s3.us-east-1,ncbi.public,gs.us-east1",SRX1640115,GSM2092868,Prochlorococcus marinus MED4,Illumina HiSeq 2000,PAIRED,cDNA,TRANSCRIPTOMIC,dark,Prochlorococcus marinus subsp. pastoris str. CCMP1986,Cyanophage P-HM2,ILLUMINA,2016-03-21T00:00:00Z,1,2016-03-17T18:55:00Z,1,GSM2092868,Prochlorococcus culture,SRP071951,CCMP1986,pastoris,1.5
SRR3234506,RNA-Seq,80,264145920,PRJNA315575,SAMN04566035,162212686,GEO,public,infected,"fastq,run.zq,sra","ncbi,gs,s3","gs.us-east1,ncbi.public,s3.us-east-1",SRX1640116,GSM2092869,Prochlorococcus marinus MED4,Illumina HiSeq 2000,PAIRED,cDNA,TRANSCRIPTOMIC,dark,Prochlorococcus marinus subsp. pastoris str. CCMP1986,Cyanophage P-HM2,ILLUMINA,2016-03-21T00:00:00Z,1,2016-03-17T18:55:00Z,1,GSM2092869,Prochlorococcus culture,SRP071951,CCMP1986,pastoris,2.5
SRR3234507,RNA-Seq,80,240045920,PRJNA315575,SAMN04566036,146546846,GEO,public,infected,"fastq,sra,run.zq","ncbi,s3,gs","ncbi.public,gs.us-east1,s3.us-east-1",SRX1640117,GSM2092870,Prochlorococcus marinus MED4,Illumina HiSeq 2000,PAIRED,cDNA,TRANSCRIPTOMIC,dark,Prochlorococcus marinus subsp. pastoris str. CCMP1986,Cyanophage P-HM2,ILLUMINA,2016-03-21T00:00:00Z,1,2016-03-17T18:57:00Z,1,GSM2092870,Prochlorococcus culture,SRP071951,CCMP1986,pastoris,4.5
SRR3234508,RNA-Seq,80,172234560,PRJNA315575,SAMN04566037,106718337,GEO,public,infected,"sra,fastq,run.zq","ncbi,gs,s3","s3.us-east-1,ncbi.public,gs.us-east1",SRX1640118,GSM2092871,Prochlorococcus marinus MED4,Illumina HiSeq 2000,PAIRED,cDNA,TRANSCRIPTOMIC,dark,Prochlorococcus marinus subsp. pastoris str. CCMP1986,Cyanophage P-HM2,ILLUMINA,2016-03-21T00:00:00Z,1,2016-03-17T18:55:00Z,1,GSM2092871,Prochlorococcus culture,SRP071951,CCMP1986,pastoris,8.5
SRR3234509,RNA-Seq,80,201892240,PRJNA315575,SAMN04566038,124247538,GEO,public,infected,"sra,fastq,run.zq","gs,s3,ncbi","s3.us-east-1,ncbi.public,gs.us-east1",SRX1640119,GSM2092872,Prochlorococcus marinus MED4,Illumina HiSeq 2000,PAIRED,cDNA,TRANSCRIPTOMIC,light,Prochlorococcus marinus subsp. pastoris str. CCMP1986,Cyanophage P-HM2,ILLUMINA,2016-03-21T00:00:00Z,1,2016-03-17T18:55:00Z,1,GSM2092872,Prochlorococcus culture,SRP071951,CCMP1986,pastoris,0.5
SRR3234510,RNA-Seq,80,221339040,PRJNA315575,SAMN04566039,135245639,GEO,public,infected,"sra,fastq,run.zq","s3,ncbi,gs","gs.us-east1,s3.us-east-1,ncbi.public",SRX1640120,GSM2092873,Prochlorococcus marinus MED4,Illumina HiSeq 2000,PAIRED,cDNA,TRANSCRIPTOMIC,light,Prochlorococcus marinus subsp. pastoris str. CCMP1986,Cyanophage P-HM2,ILLUMINA,2016-03-21T00:00:00Z,1,2016-03-17T18:55:00Z,1,GSM2092873,Prochlorococcus culture,SRP071951,CCMP1986,pastoris,1.5
SRR3234511,RNA-Seq,80,203664560,PRJNA315575,SAMN04566021,124098196,GEO,public,infected,"sra,run.zq,fastq","gs,ncbi,s3","gs.us-east1,s3.us-east-1,ncbi.public",SRX1640121,GSM2092874,Prochlorococcus marinus MED4,Illumina HiSeq 2000,PAIRED,cDNA,TRANSCRIPTOMIC,light,Prochlorococcus marinus subsp. pastoris str. CCMP1986,Cyanophage P-HM2,ILLUMINA,2016-03-21T00:00:00Z,1,2016-03-17T18:54:00Z,1,GSM2092874,Prochlorococcus culture,SRP071951,CCMP1986,pastoris,2.5
SRR3234512,RNA-Seq,80,156997680,PRJNA315575,SAMN04566022,96253883,GEO,public,infected,"sra,run.zq,fastq","s3,gs,ncbi","s3.us-east-1,ncbi.public,gs.us-east1",SRX1640122,GSM2092875,Prochlorococcus marinus MED4,Illumina HiSeq 2000,PAIRED,cDNA,TRANSCRIPTOMIC,light,Prochlorococcus marinus subsp. pastoris str. CCMP1986,Cyanophage P-HM2,ILLUMINA,2016-03-21T00:00:00Z,1,2016-03-17T18:54:00Z,1,GSM2092875,Prochlorococcus culture,SRP071951,CCMP1986,pastoris,4.5
SRR3234513,RNA-Seq,80,201596880,PRJNA315575,SAMN04566023,123428127,GEO,public,infected,"fastq,run.zq,sra","s3,gs,ncbi","ncbi.public,s3.us-east-1,gs.us-east1",SRX1640123,GSM2092876,Prochlorococcus marinus MED4,Illumina HiSeq 2000,PAIRED,cDNA,TRANSCRIPTOMIC,light,Prochlorococcus marinus subsp. pastoris str. CCMP1986,Cyanophage P-HM2,ILLUMINA,2016-03-21T00:00:00Z,1,2016-03-17T18:56:00Z,1,GSM2092876,Prochlorococcus culture,SRP071951,CCMP1986,pastoris,8.5
SRR3234514,RNA-Seq,80,215966320,PRJNA315575,SAMN04566024,135122513,GEO,public,infected,"sra,fastq,run.zq","ncbi,gs,s3","s3.us-east-1,ncbi.public,gs.us-east1",SRX1640124,GSM2092877,Prochlorococcus marinus MED4,Illumina HiSeq 2000,PAIRED,cDNA,TRANSCRIPTOMIC,dark,Prochlorococcus marinus subsp. pastoris str. CCMP1986,Cyanophage P-HM2,ILLUMINA,2016-03-21T00:00:00Z,2,2016-03-17T18:55:00Z,1,GSM2092877,Prochlorococcus culture,SRP071951,CCMP1986,pastoris,0.5
SRR3234515,RNA-Seq,80,170310400,PRJNA315575,SAMN04566025,104521974,GEO,public,infected,"run.zq,fastq,sra","s3,ncbi,gs","ncbi.public,s3.us-east-1,gs.us-east1",SRX1640125,GSM2092878,Prochlorococcus marinus MED4,Illumina HiSeq 2000,PAIRED,cDNA,TRANSCRIPTOMIC,dark,Prochlorococcus marinus subsp. pastoris str. CCMP1986,Cyanophage P-HM2,ILLUMINA,2016-03-21T00:00:00Z,2,2016-03-17T18:55:00Z,1,GSM2092878,Prochlorococcus culture,SRP071951,CCMP1986,pastoris,1.5
SRR3234516,RNA-Seq,80,296728800,PRJNA315575,SAMN04566026,182711958,GEO,public,infected,"run.zq,fastq,sra","gs,s3,ncbi","gs.us-east1,s3.us-east-1,ncbi.public",SRX1640126,GSM2092879,Prochlorococcus marinus MED4,Illumina HiSeq 2000,PAIRED,cDNA,TRANSCRIPTOMIC,dark,Prochlorococcus marinus subsp. pastoris str. CCMP1986,Cyanophage P-HM2,ILLUMINA,2016-03-21T00:00:00Z,2,2016-03-17T18:54:00Z,1,GSM2092879,Prochlorococcus culture,SRP071951,CCMP1986,pastoris,2.5
SRR3234517,RNA-Seq,80,198657680,PRJNA315575,SAMN04566027,122006196,GEO,public,infected,"fastq,sra,run.zq","gs,s3,ncbi","gs.us-east1,ncbi.public,s3.us-east-1",SRX1640127,GSM2092880,Prochlorococcus marinus MED4,Illumina HiSeq 2000,PAIRED,cDNA,TRANSCRIPTOMIC,dark,Prochlorococcus marinus subsp. pastoris str. CCMP1986,Cyanophage P-HM2,ILLUMINA,2016-03-21T00:00:00Z,2,2016-03-17T18:54:00Z,1,GSM2092880,Prochlorococcus culture,SRP071951,CCMP1986,pastoris,4.5
SRR3234518,RNA-Seq,80,225395120,PRJNA315575,SAMN04566028,145027514,GEO,public,infected,"sra,fastq,run.zq","s3,gs,ncbi","gs.us-east1,ncbi.public,s3.us-east-1",SRX1640128,GSM2092881,Prochlorococcus marinus MED4,Illumina HiSeq 2000,PAIRED,cDNA,TRANSCRIPTOMIC,dark,Prochlorococcus marinus subsp. pastoris str. CCMP1986,Cyanophage P-HM2,ILLUMINA,2016-03-21T00:00:00Z,2,2016-03-17T18:53:00Z,1,GSM2092881,Prochlorococcus culture,SRP071951,CCMP1986,pastoris,8.5
SRR3234519,RNA-Seq,80,252707040,PRJNA315575,SAMN04566029,155509028,GEO,public,infected,"sra,fastq,run.zq","s3,gs,ncbi","ncbi.public,gs.us-east1,s3.us-east-1",SRX1640129,GSM2092882,Prochlorococcus marinus MED4,Illumina HiSeq 2000,PAIRED,cDNA,TRANSCRIPTOMIC,light,Prochlorococcus marinus subsp. pastoris str. CCMP1986,Cyanophage P-HM2,ILLUMINA,2016-03-21T00:00:00Z,2,2016-03-17T18:54:00Z,1,GSM2092882,Prochlorococcus culture,SRP071951,CCMP1986,pastoris,0.5
SRR3234520,RNA-Seq,80,201186160,PRJNA315575,SAMN04566030,122311593,GEO,public,infected,"sra,fastq,run.zq","gs,ncbi,s3","ncbi.public,gs.us-east1,s3.us-east-1",SRX1640130,GSM2092883,Prochlorococcus marinus MED4,Illumina HiSeq 2000,PAIRED,cDNA,TRANSCRIPTOMIC,light,Prochlorococcus marinus subsp. pastoris str. CCMP1986,Cyanophage P-HM2,ILLUMINA,2016-03-21T00:00:00Z,2,2016-03-17T18:54:00Z,1,GSM2092883,Prochlorococcus culture,SRP071951,CCMP1986,pastoris,1.5
SRR3234521,RNA-Seq,80,267866240,PRJNA315575,SAMN04566031,163821319,GEO,public,infected,"fastq,sra,run.zq","gs,ncbi,s3","ncbi.public,s3.us-east-1,gs.us-east1",SRX1640131,GSM2092884,Prochlorococcus marinus MED4,Illumina HiSeq 2000,PAIRED,cDNA,TRANSCRIPTOMIC,light,Prochlorococcus marinus subsp. pastoris str. CCMP1986,Cyanophage P-HM2,ILLUMINA,2016-03-21T00:00:00Z,2,2016-03-17T18:54:00Z,1,GSM2092884,Prochlorococcus culture,SRP071951,CCMP1986,pastoris,2.5
SRR3234522,RNA-Seq,80,211233120,PRJNA315575,SAMN04566032,128847038,GEO,public,infected,"fastq,sra,run.zq","ncbi,s3,gs","gs.us-east1,ncbi.public,s3.us-east-1",SRX1640132,GSM2092885,Prochlorococcus marinus MED4,Illumina HiSeq 2000,PAIRED,cDNA,TRANSCRIPTOMIC,light,Prochlorococcus marinus subsp. pastoris str. CCMP1986,Cyanophage P-HM2,ILLUMINA,2016-03-21T00:00:00Z,2,2016-03-17T18:54:00Z,1,GSM2092885,Prochlorococcus culture,SRP071951,CCMP1986,pastoris,4.5
SRR3234523,RNA-Seq,80,259273440,PRJNA315575,SAMN04566033,159384212,GEO,public,infected,"fastq,run.zq,sra","gs,ncbi,s3","ncbi.public,s3.us-east-1,gs.us-east1",SRX1640133,GSM2092886,Prochlorococcus marinus MED4,Illumina HiSeq 2000,PAIRED,cDNA,TRANSCRIPTOMIC,light,Prochlorococcus marinus subsp. pastoris str. CCMP1986,Cyanophage P-HM2,ILLUMINA,2016-03-21T00:00:00Z,2,2016-03-17T18:54:00Z,1,GSM2092886,Prochlorococcus culture,SRP071951,CCMP1986,pastoris,8.5
