gene	start	end	length	strand	gc_content	genetic_code	rbs_motif	marker	evalue	bitscore	uscg	plasmid_hallmark	virus_hallmark	taxid	taxname	annotation_conjscan	annotation_amr	annotation_accessions	annotation_description
NC_005856.1_1	207	428	222	1	0.459	11	GGAG/GAGG	GENOMAD.220953.VP	9.866e-16	72	0	0	0	1246	Caudoviricetes	NA	NA	NA	NA
NC_005856.1_2	436	1467	1032	1	0.505	11	GGA/GAG/AGG	NA	NA	NA	0	0	0	1	NA	NA	NA	NA	NA
NC_005856.1_3	1518	1829	312	1	0.433	11	None	GENOMAD.221862.VP	4.328e-45	158	0	0	0	1246	Caudoviricetes	NA	NA	NA	NA
NC_005856.1_4	2077	2637	561	1	0.513	11	None	GENOMAD.219599.VP	5.459e-48	171	0	0	0	1246	Caudoviricetes	NA	NA	PF16786	Recombination enhancement, RecA-dependent nuclease
NC_005856.1_5	2827	3468	642	1	0.470	11	AGxAGG/AGGxGG	NA	NA	NA	0	0	0	1	NA	NA	NA	NA	NA
NC_005856.1_6	3544	6456	2913	-1	0.347	11	AGGA	NA	NA	NA	0	0	0	1	NA	NA	NA	NA	NA
NC_005856.1_7	6459	7628	1170	-1	0.349	11	None	NA	NA	NA	0	0	0	1	NA	NA	NA	NA	NA
NC_005856.1_8	7798	8778	981	-1	0.550	11	GGA/GAG/AGG	NA	NA	NA	0	0	0	1	NA	NA	NA	NA	NA
NC_005856.1_9	8819	9619	801	-1	0.382	11	4Base/6BMM	NA	NA	NA	0	0	0	1	NA	NA	NA	NA	NA
NC_005856.1_10	9750	9998	249	-1	0.502	11	GGAG/GAGG	NA	NA	NA	0	0	0	1	NA	NA	NA	NA	NA
NC_005856.1_11	9995	10435	441	-1	0.472	11	None	GENOMAD.222093.VP	7.405e-35	131	0	0	0	1	NA	NA	NA	NA	NA
NC_005856.1_12	10469	17236	6768	-1	0.522	11	AGGA	NA	NA	NA	0	0	0	1	NA	NA	NA	NA	NA
NC_005856.1_13	17312	19021	1710	1	0.526	11	GGA/GAG/AGG	GENOMAD.182303.VP	3.269e-195	617	0	0	1	1246	Caudoviricetes	NA	NA	PF07230;TIGR01537	Bacteriophage T4-like portal protein (Gp20)
NC_005856.1_14	19014	20033	1020	1	0.520	11	GGAG/GAGG	GENOMAD.222465.VP	8.243e-153	482	0	0	0	1246	Caudoviricetes	NA	NA	NA	NA
NC_005856.1_15	20325	20882	558	-1	0.527	11	GGAG/GAGG	NA	NA	NA	0	0	0	1	NA	NA	NA	NA	NA
NC_005856.1_16	21051	21539	489	1	0.499	11	GGA/GAG/AGG	NA	NA	NA	0	0	0	1	NA	NA	NA	NA	NA
NC_005856.1_17	21737	22531	795	1	0.475	11	GGA/GAG/AGG	GENOMAD.223520.VP	1.126e-129	411	0	0	0	1246	Caudoviricetes	NA	NA	NA	NA
NC_005856.1_18	23063	23338	276	-1	0.533	11	GGAG/GAGG	NA	NA	NA	0	0	0	1	NA	NA	NA	NA	NA
NC_005856.1_19	23527	24132	606	1	0.365	11	GGA/GAG/AGG	NA	NA	NA	0	0	0	1	NA	NA	NA	NA	NA
NC_005856.1_20	24244	24552	309	-1	0.460	11	AGGAG	GENOMAD.225254.VP	2.489e-50	173	0	0	0	1246	Caudoviricetes	NA	NA	NA	NA
NC_005856.1_21	24542	27529	2988	-1	0.496	11	GGA/GAG/AGG	GENOMAD.208126.VP	4.698e-09	63	0	0	0	1246	Caudoviricetes	NA	NA	NA	NA
NC_005856.1_22	27542	27907	366	-1	0.489	11	GGxGG	GENOMAD.093341.VV	1.133e-59	201	0	0	0	14772	Punavirus	NA	NA	NA	NA
NC_005856.1_23	27904	29823	1920	-1	0.519	11	AGGA	GENOMAD.223384.VP	3.781e-209	661	0	0	0	14772	Punavirus	NA	NA	PF18788	Defence against restriction A N-terminal
NC_005856.1_24	29825	30427	603	-1	0.474	11	AGGA	GENOMAD.222681.VP	1.661e-50	179	0	0	0	1246	Caudoviricetes	NA	NA	PF18788;PF18823	Defence against restriction A N-terminal; Inorganic Pyrophosphatase
NC_005856.1_25	30414	30857	444	-1	0.477	11	GGAGG	GENOMAD.224112.VP	8.768e-100	318	0	0	1	1	NA	NA	NA	PF16084	LydA-holin antagonist
NC_005856.1_26	30854	31183	330	-1	0.482	11	AGGAG	GENOMAD.222727.VP	3.868e-41	147	0	0	1	1	NA	NA	NA	PF16083	LydA holin phage, holin superfamily III
NC_005856.1_27	31251	31532	282	-1	0.411	11	AGGA	GENOMAD.136948.VV	2.045e-32	121	0	0	0	1	NA	NA	NA	NA	NA
NC_005856.1_28	31660	32220	561	1	0.499	11	GGA/GAG/AGG	NA	NA	NA	0	0	0	1	NA	NA	NA	NA	NA
NC_005856.1_29	32268	33782	1515	1	0.481	11	None	GENOMAD.069274.VV	7.589e-152	488	0	0	0	1246	Caudoviricetes	NA	NA	NA	NA
NC_005856.1_30	33785	34318	534	1	0.423	11	GGAG/GAGG	GENOMAD.217908.VP	5.232e-53	185	0	0	0	1246	Caudoviricetes	NA	NA	NA	NA
NC_005856.1_31	34347	34874	528	-1	0.453	11	GGA/GAG/AGG	GENOMAD.217908.VP	5.41e-43	156	0	0	0	1246	Caudoviricetes	NA	NA	NA	NA
NC_005856.1_32	34878	37841	2964	-1	0.478	11	AGGA	GENOMAD.136251.VP	0.0	1018	0	0	0	1246	Caudoviricetes	NA	NA	NA	NA
NC_005856.1_33	37853	38287	435	-1	0.455	11	GGA/GAG/AGG	GENOMAD.218050.VP	5.154e-71	235	0	0	0	10130	Punavirus P1	NA	NA	NA	NA
NC_005856.1_34	38366	39202	837	-1	0.458	11	AGGAG	GENOMAD.223261.VP	5.172e-128	407	0	0	0	1246	Caudoviricetes	NA	NA	NA	NA
NC_005856.1_35	39202	40635	1434	-1	0.467	11	AGGA	GENOMAD.143015.VP	1.614e-167	532	0	0	1	1246	Caudoviricetes	NA	NA	PF04865;TIGR02243;COG3299	putative baseplate assembly protein
NC_005856.1_36	40632	40988	357	-1	0.459	11	GGA/GAG/AGG	GENOMAD.223537.VP	1.452e-47	166	0	0	1	1	NA	NA	NA	PF10934;COG3628;K06903	Baseplate wedge protein gp25
NC_005856.1_37	40988	44410	3423	-1	0.480	11	GGA/GAG/AGG	GENOMAD.223730.VP	4.185e-237	766	0	0	0	10130	Punavirus P1	NA	NA	NA	NA
NC_005856.1_38	44492	45373	882	-1	0.497	11	AGGAG	GENOMAD.223382.VP	1.062e-144	456	0	0	1	1246	Caudoviricetes	NA	NA	PF12322	T4 bacteriophage base plate protein
NC_005856.1_39	45388	45999	612	-1	0.471	11	GGAG/GAGG	GENOMAD.222607.VP	3.798e-86	282	0	0	1	1246	Caudoviricetes	NA	NA	PF06841;TIGR02241	T4-like virus tail tube protein gp19
NC_005856.1_40	46010	46576	567	-1	0.476	11	GGAG/GAGG	GENOMAD.223557.VP	1.294e-107	343	0	0	0	17240	Punavirus SJ46	NA	NA	NA	NA
NC_005856.1_41	46786	47565	780	-1	0.336	11	GGA/GAG/AGG	NA	NA	NA	0	0	0	1	NA	NA	NA	NA	NA
NC_005856.1_42	47573	47890	318	-1	0.305	11	AGGAG	GENOMAD.182523.VV	3.183e-65	216	0	0	0	10130	Punavirus P1	NA	NA	NA	NA
NC_005856.1_43	48470	48691	222	1	0.473	11	GGAG/GAGG	GENOMAD.223026.VP	6.061e-43	150	0	0	0	14772	Punavirus	NA	NA	NA	NA
NC_005856.1_44	48688	49731	1044	1	0.486	11	AGxAGG/AGGxGG	GENOMAD.135964.VP	5.93e-187	581	0	0	0	1246	Caudoviricetes	NA	NA	PF03374;COG3645	Phage antirepressor protein YoqD, KilAC domain
NC_005856.1_45	49896	50696	801	1	0.498	11	GGAG/GAGG	GENOMAD.135964.VP	1.092e-58	206	0	0	0	1246	Caudoviricetes	NA	NA	PF03374;COG3645	Phage antirepressor protein YoqD, KilAC domain
NC_005856.1_46	50762	51571	810	1	0.453	11	GGA/GAG/AGG	GENOMAD.222616.VP	2.865e-130	413	0	0	0	14772	Punavirus	NA	NA	PF07848;COG5529;TIGR02417	Pyocin large subunit
NC_005856.1_47	51740	52444	705	1	0.352	11	GGAG/GAGG	NA	NA	NA	0	0	0	1	NA	NA	NA	NA	NA
NC_005856.1_48	52444	52908	465	1	0.383	11	GGAGG	NA	NA	NA	0	0	0	1	NA	NA	NA	NA	NA
NC_005856.1_49	53074	53370	297	-1	0.387	11	GGA/GAG/AGG	GENOMAD.224688.VP	2.256e-57	193	0	0	0	10130	Punavirus P1	NA	NA	NA	NA
NC_005856.1_50	53454	53963	510	-1	0.482	11	AGGA	GENOMAD.220116.VP	2.785e-56	194	0	0	0	1246	Caudoviricetes	NA	NA	NA	NA
NC_005856.1_51	53975	54439	465	-1	0.499	11	GGAG/GAGG	NA	NA	NA	0	0	0	1	NA	NA	NA	NA	NA
NC_005856.1_52	54592	55407	816	-1	0.506	11	GGA/GAG/AGG	GENOMAD.219878.VP	7.001e-57	201	0	0	0	1246	Caudoviricetes	NA	NA	NA	NA
NC_005856.1_53	55417	57006	1590	-1	0.508	11	GGA/GAG/AGG	GENOMAD.219257.VP	1.444e-124	410	0	0	0	14772	Punavirus	NA	NA	PF17541	Type VI secretion system, TssC, VipB
NC_005856.1_54	57067	58773	1707	-1	0.508	11	AGGA	GENOMAD.206379.VP	9.131e-172	549	0	0	0	1246	Caudoviricetes	NA	NA	NA	NA
NC_005856.1_55	58999	60000	1002	-1	0.444	11	AGGAG/GGAGG	GENOMAD.136199.PV	3.938e-33	134	0	1	0	10130	Punavirus P1	NA	NA	PF08775	ParB family
NC_005856.1_56	60017	61213	1197	-1	0.456	11	AGGA	GENOMAD.142203.PV	1.755e-40	158	0	0	0	1246	Caudoviricetes	NA	NA	PF18607	ParA helix turn helix domain
NC_005856.1_57	61286	61747	462	1	0.491	11	None	NA	NA	NA	0	0	0	1	NA	NA	NA	NA	NA
NC_005856.1_58	61771	62631	861	-1	0.468	11	GGA/GAG/AGG	GENOMAD.132605.PV	1.23e-76	259	0	1	0	14772	Punavirus	NA	NA	PF07042;COG5527	TrfA protein
NC_005856.1_59	62950	63342	393	-1	0.420	11	GGA/GAG/AGG	GENOMAD.221702.VP	1.275e-54	187	0	0	0	10427	Chimalliviridae	NA	NA	NA	NA
NC_005856.1_60	63520	63942	423	-1	0.449	11	AGGAG	NA	NA	NA	0	0	0	1	NA	NA	NA	NA	NA
NC_005856.1_61	63982	64770	789	-1	0.484	11	AGGAG	GENOMAD.222938.VP	4.636e-86	285	0	0	0	10130	Punavirus P1	NA	NA	NA	NA
NC_005856.1_62	65233	65517	285	1	0.467	11	GGAG/GAGG	GENOMAD.225051.VP	4.129e-57	192	0	0	0	1	NA	NA	NA	NA	NA
NC_005856.1_63	65510	66415	906	1	0.454	11	GGA/GAG/AGG	NA	NA	NA	0	0	0	1	NA	NA	NA	NA	NA
NC_005856.1_64	66412	68676	2265	1	0.494	11	GGAG/GAGG	GENOMAD.178342.VP	1.348e-90	319	0	0	0	1246	Caudoviricetes	NA	NA	PF02086;PF06576;PF06147;K21507;TIGR00571;COG0338	DNA adenine methylase (dam)
NC_005856.1_65	70233	70658	426	1	0.505	11	GGAG/GAGG	GENOMAD.224247.VP	3.032e-75	247	0	0	0	1246	Caudoviricetes	NA	NA	PF05099;K05793;COG4103	Uncharacterized conserved protein, tellurite resistance protein B (TerB) family
NC_005856.1_66	70658	70822	165	1	0.442	11	GGA/GAG/AGG	GENOMAD.208578.VP	1.091e-20	85	0	0	0	1	NA	NA	NA	PF13064	NA
NC_005856.1_67	70822	70929	108	1	0.463	11	AGGA	GENOMAD.142528.VV	6.274e-17	73	0	0	0	10130	Punavirus P1	NA	NA	NA	NA
NC_005856.1_68	71295	72659	1365	1	0.484	11	GGAG/GAGG	GENOMAD.032636.VV	1.701e-10	66	0	0	1	1246	Caudoviricetes	NA	NA	PF20307;PF07486;TIGR02239;COG0468;K18947	Divergent DnaB-like ATPase; Cell Wall Hydrolase
NC_005856.1_69	72659	73657	999	1	0.486	11	GGAG/GAGG	GENOMAD.162246.VV	2.053e-217	668	0	0	0	14772	Punavirus	NA	NA	NA	NA
NC_005856.1_70	73704	74336	633	-1	0.518	11	AGGAG	GENOMAD.222755.VP	1.892e-71	240	0	0	1	14772	Punavirus	NA	NA	PF04717;TIGR01644;COG4540	phage baseplate assembly protein V
NC_005856.1_71	74329	75345	1017	-1	0.481	11	GGAGG	GENOMAD.223436.VP	4.307e-65	228	0	0	0	1246	Caudoviricetes	NA	NA	COG3500;K06905	Phage protein D
NC_005856.1_72	75347	76132	786	-1	0.486	11	GGA/GAG/AGG	GENOMAD.223805.VP	2.685e-144	453	0	0	0	14772	Punavirus	NA	NA	NA	NA
NC_005856.1_73	76119	76847	729	-1	0.476	11	AGGA	GENOMAD.223653.VP	3.673e-114	365	0	0	0	1246	Caudoviricetes	NA	NA	NA	NA
NC_005856.1_74	76851	78068	1218	-1	0.500	11	GGA/GAG/AGG	NA	NA	NA	0	0	0	1	NA	NA	NA	NA	NA
NC_005856.1_75	78078	78338	261	-1	0.490	11	GGAG/GAGG	GENOMAD.221089.VP	4.472e-29	111	0	0	0	1	NA	NA	NA	PF11246	Base plate wedge protein 53
NC_005856.1_76	78602	78847	246	1	0.480	11	GGAG/GAGG	GENOMAD.162526.VP	3.989e-06	45	0	0	0	1246	Caudoviricetes	NA	NA	TIGR02419;COG4068	phage/conjugal plasmid C-4 type zinc finger protein, TraR family
NC_005856.1_77	78850	79428	579	1	0.480	11	AGGA/GGAG/GAGG	GENOMAD.129114.VP	4.177e-08	55	0	0	0	1246	Caudoviricetes	NA	NA	NA	NA
NC_005856.1_78	79495	79650	156	1	0.500	11	GGAG/GAGG	GENOMAD.224619.VP	1.2e-25	99	0	0	0	1	NA	NA	NA	NA	NA
NC_005856.1_79	80152	80778	627	1	0.517	11	AGGAG/GGAGG	GENOMAD.222512.VP	1.78e-122	387	0	0	0	1246	Caudoviricetes	NA	NA	PF01973;TIGR04437;COG1634;K12981	Kdo-III transferase WaaZ
NC_005856.1_80	80775	81452	678	1	0.488	11	None	GENOMAD.083577.VV	1.818e-12	69	0	0	0	1246	Caudoviricetes	NA	NA	K07314;TIGR00668	bis(5'-nucleosyl)-tetraphosphatase (symmetrical)
NC_005856.1_81	81449	82150	702	1	0.470	11	GGA/GAG/AGG	GENOMAD.222877.VP	1.627e-47	172	0	0	0	14772	Punavirus	NA	NA	NA	NA
NC_005856.1_82	82232	82450	219	1	0.479	11	GGA/GAG/AGG	NA	NA	NA	0	0	0	1	NA	NA	NA	NA	NA
NC_005856.1_83	82452	83714	1263	1	0.471	11	GGA/GAG/AGG	GENOMAD.222678.VP	7.415e-07	54	0	0	0	1246	Caudoviricetes	NA	NA	NA	NA
NC_005856.1_84	83787	84293	507	1	0.473	11	AGGAG	NA	NA	NA	0	0	0	1	NA	NA	NA	NA	NA
NC_005856.1_85	84488	85417	930	1	0.514	11	AGxAGG/AGGxGG	GENOMAD.183319.VP	1.711e-13	74	0	0	0	1246	Caudoviricetes	NA	NA	NA	NA
NC_005856.1_86	85554	85916	363	1	0.446	11	GGAG/GAGG	GENOMAD.138278.VV	3.305e-72	237	0	0	0	1	NA	NA	NA	NA	NA
NC_005856.1_87	85992	86129	138	-1	0.348	11	AGGA	NA	NA	NA	0	0	0	1	NA	NA	NA	NA	NA
NC_005856.1_88	86243	86425	183	1	0.372	11	GGA/GAG/AGG	NA	NA	NA	0	0	0	1	NA	NA	NA	NA	NA
NC_005856.1_89	86579	86830	252	1	0.492	11	GGA/GAG/AGG	GENOMAD.159890.VP	7.328e-46	159	0	0	0	1246	Caudoviricetes	NA	NA	PF06440;K22720	DNA polymerase III, theta subunit
NC_005856.1_90	86837	87409	573	-1	0.480	11	AGGA	GENOMAD.206284.PV	3.864e-71	238	0	0	0	1246	Caudoviricetes	NA	NA	NA	NA
NC_005856.1_91	87584	87973	390	1	0.487	11	GGAG/GAGG	GENOMAD.180534.VP	0.0004924	41	0	0	0	1246	Caudoviricetes	NA	NA	NA	NA
NC_005856.1_92	88046	88267	222	1	0.509	11	GGAG/GAGG	NA	NA	NA	0	0	0	1	NA	NA	NA	NA	NA
NC_005856.1_93	88267	88647	381	1	0.522	11	4Base/6BMM	NA	NA	NA	0	0	0	1	NA	NA	NA	NA	NA
NC_005856.1_94	88652	88831	180	1	0.478	11	GGAG/GAGG	GENOMAD.218958.VP	1.9e-32	119	0	0	0	10130	Punavirus P1	NA	NA	NA	NA
NC_005856.1_95	88859	89902	1044	1	0.498	11	GGA/GAG/AGG	NA	NA	NA	0	0	0	1	NA	NA	NA	NA	NA
NC_005856.1_96	89991	90443	453	1	0.477	11	AGxAGG/AGGxGG	GENOMAD.223698.VP	1.137e-73	243	0	0	0	1246	Caudoviricetes	NA	NA	K02076;COG0735	NA
NC_005856.1_97	90529	91722	1194	1	0.508	11	AGGA	GENOMAD.224662.VP	2.773e-51	190	0	0	0	14772	Punavirus	NA	NA	NA	NA
NC_005856.1_98	91722	93206	1485	1	0.477	11	GGA/GAG/AGG	GENOMAD.219853.VP	3.225e-93	317	0	0	1	1246	Caudoviricetes	NA	NA	PF03354;TIGR01547;COG5410	Terminase large subunit, ATPase domain
NC_005856.1_99	93231	94082	852	-1	0.465	11	GGAGG	GENOMAD.220887.VP	5.591e-112	361	0	0	0	10130	Punavirus P1	NA	NA	NA	NA
NC_005856.1_100	94193	94402	210	-1	0.495	11	GGAG/GAGG	NA	NA	NA	0	0	0	1	NA	NA	NA	NA	NA
