sys_id,type,subtype,activity,sys_beg,sys_end,protein_in_syst,genes_count,name_of_profiles_in_sys,Geneid
ordered_protein_SoFic_4,SoFIC,SoFic,Defense,WP_015035207.1,WP_015035207.1,WP_015035207.1,1,SoFic__SoFic,vnz_RS19955
ordered_protein_RM_Type_IV_5,RM,RM_Type_IV,Defense,WP_015035212.1,WP_015035212.1,WP_015035212.1,1,RM_Type_IV__FAM_0,vnz_RS19980
ordered_protein_Gabija_1,Gabija,Gabija,Defense,WP_015036832.1,WP_199868642.1,WP_015036832.1,2,"Gabija__GajA,Gabija__GajB_2",vnz_RS28200
ordered_protein_Gabija_1,Gabija,Gabija,Defense,WP_015036832.1,WP_199868642.1,WP_199868642.1,2,"Gabija__GajA,Gabija__GajB_2",vnz_RS28205
ordered_protein_Lamassu-PDDEXK_2,Lamassu-Fam,Lamassu-PDDEXK,Defense,WP_015036904.1,WP_041664307.1,WP_015036904.1,3,"Lamassu-Fam__LmuA_effector_PDDEXK,Lamassu-Fam__LmuB_SMC_PDDEXK,Lamassu-Fam__LmuC_acc_PDDEXK",vnz_RS28575
ordered_protein_Lamassu-PDDEXK_2,Lamassu-Fam,Lamassu-PDDEXK,Defense,WP_015036904.1,WP_041664307.1,WP_015036905.1,3,"Lamassu-Fam__LmuA_effector_PDDEXK,Lamassu-Fam__LmuB_SMC_PDDEXK,Lamassu-Fam__LmuC_acc_PDDEXK",vnz_RS28580
ordered_protein_Lamassu-PDDEXK_2,Lamassu-Fam,Lamassu-PDDEXK,Defense,WP_015036904.1,WP_041664307.1,WP_041664307.1,3,"Lamassu-Fam__LmuA_effector_PDDEXK,Lamassu-Fam__LmuB_SMC_PDDEXK,Lamassu-Fam__LmuC_acc_PDDEXK",vnz_RS28585
ordered_protein_ShosTA_3,ShosTA,ShosTA,Defense,WP_145953754.1,WP_071892963.1,WP_145953754.1,2,"ShosTA__ShosA,ShosTA__ShosT",vnz_RS37655
ordered_protein_ShosTA_3,ShosTA,ShosTA,Defense,WP_145953754.1,WP_071892963.1,WP_071892963.1,2,"ShosTA__ShosA,ShosTA__ShosT",vnz_RS37660
